key,name,qualifier,visibility,lastAnalysisDate,revision
jspwiki,jspwiki,TRK,public,2023-06-19T07:31:53+0000,60c2327f7555ce28a4fcca8994ec9773740af075
seatunnel-0066affacf7deff81cd685387fd5ab81241b8fa5,seatunnel-0066affacf7deff81cd685387fd5ab81241b8fa5,TRK,public,2023-06-17T12:58:34+0000,0066affacf7deff81cd685387fd5ab81241b8fa5
seatunnel-0179fe2f6581b426a08d2ae0207ea32e5bb6dbe5,seatunnel-0179fe2f6581b426a08d2ae0207ea32e5bb6dbe5,TRK,public,2023-06-17T12:34:41+0000,0179fe2f6581b426a08d2ae0207ea32e5bb6dbe5
seatunnel-018ee0a3db5bc8cf0fa07ab6940e95f253bced4c,seatunnel-018ee0a3db5bc8cf0fa07ab6940e95f253bced4c,TRK,public,2023-06-17T18:15:05+0000,018ee0a3db5bc8cf0fa07ab6940e95f253bced4c
seatunnel-01cdc4e33600dc74244d8d2494880b8904939897,seatunnel-01cdc4e33600dc74244d8d2494880b8904939897,TRK,public,2023-06-17T16:18:15+0000,01cdc4e33600dc74244d8d2494880b8904939897
seatunnel-0295d0f58d8248902a458db53f976ac33c4336aa,seatunnel-0295d0f58d8248902a458db53f976ac33c4336aa,TRK,public,2023-06-18T01:32:20+0000,0295d0f58d8248902a458db53f976ac33c4336aa
seatunnel-029fa726b4461442d6ae3ca092d86ebaf7580895,seatunnel-029fa726b4461442d6ae3ca092d86ebaf7580895,TRK,public,2023-06-18T04:02:48+0000,029fa726b4461442d6ae3ca092d86ebaf7580895
seatunnel-02a41902a867586c5380de102127a928226d0c36,seatunnel-02a41902a867586c5380de102127a928226d0c36,TRK,public,2023-06-17T22:56:37+0000,02a41902a867586c5380de102127a928226d0c36
seatunnel-02ac35ff73ae5104edb6ad9937ec7ccdf1ce3d3b,seatunnel-02ac35ff73ae5104edb6ad9937ec7ccdf1ce3d3b,TRK,public,2023-06-17T11:10:50+0000,02ac35ff73ae5104edb6ad9937ec7ccdf1ce3d3b
seatunnel-02cdb4a4973ee7d2faeb1aa8598f44cb2ab4212c,seatunnel-02cdb4a4973ee7d2faeb1aa8598f44cb2ab4212c,TRK,public,2023-06-18T02:16:13+0000,02cdb4a4973ee7d2faeb1aa8598f44cb2ab4212c
seatunnel-02d0023e946c4ac01c6aae2da427de2fdce1011c,seatunnel-02d0023e946c4ac01c6aae2da427de2fdce1011c,TRK,public,2023-06-18T03:29:29+0000,02d0023e946c4ac01c6aae2da427de2fdce1011c
seatunnel-02ef38eb7adf75e28ffb727296b4db90e78a684d,seatunnel-02ef38eb7adf75e28ffb727296b4db90e78a684d,TRK,public,2023-06-17T16:14:38+0000,02ef38eb7adf75e28ffb727296b4db90e78a684d
seatunnel-02ff9608b95d536b4f4d86fa7d851432216fb9ba,seatunnel-02ff9608b95d536b4f4d86fa7d851432216fb9ba,TRK,public,2023-06-17T22:59:20+0000,02ff9608b95d536b4f4d86fa7d851432216fb9ba
seatunnel-031e8e263cd73b5ab4270aab614048aa8e86eb01,seatunnel-031e8e263cd73b5ab4270aab614048aa8e86eb01,TRK,public,2023-06-17T12:49:19+0000,031e8e263cd73b5ab4270aab614048aa8e86eb01
seatunnel-032906fdd925c96438fc42cf01604dc5ab866637,seatunnel-032906fdd925c96438fc42cf01604dc5ab866637,TRK,public,2023-06-17T22:58:03+0000,032906fdd925c96438fc42cf01604dc5ab866637
seatunnel-033acd2f88f99feeb053275d553f652374b693db,seatunnel-033acd2f88f99feeb053275d553f652374b693db,TRK,public,2023-06-17T15:56:29+0000,033acd2f88f99feeb053275d553f652374b693db
seatunnel-0360e7e5185bd016458a20d3b597b4ccee83dfeb,seatunnel-0360e7e5185bd016458a20d3b597b4ccee83dfeb,TRK,public,2023-06-17T02:36:40+0000,0360e7e5185bd016458a20d3b597b4ccee83dfeb
seatunnel-03f8c53098241f46daa82eabd90a8238957592bc,seatunnel-03f8c53098241f46daa82eabd90a8238957592bc,TRK,public,2023-06-17T03:43:56+0000,03f8c53098241f46daa82eabd90a8238957592bc
seatunnel-044f62ef32cd0d195bc4bb6c8492d48d15379ff4,seatunnel-044f62ef32cd0d195bc4bb6c8492d48d15379ff4,TRK,public,2023-06-17T17:55:18+0000,044f62ef32cd0d195bc4bb6c8492d48d15379ff4
seatunnel-0467ba7372be740dff0c7b64dd125e8afbb25a9d,seatunnel-0467ba7372be740dff0c7b64dd125e8afbb25a9d,TRK,public,2023-06-17T22:19:18+0000,0467ba7372be740dff0c7b64dd125e8afbb25a9d
seatunnel-0483cbc2df2458db24beec61d71b6d62520b4dea,seatunnel-0483cbc2df2458db24beec61d71b6d62520b4dea,TRK,public,2023-06-17T22:02:48+0000,0483cbc2df2458db24beec61d71b6d62520b4dea
seatunnel-04877366bdf09f25c53a4bebafb23e5a280fd5bf,seatunnel-04877366bdf09f25c53a4bebafb23e5a280fd5bf,TRK,public,2023-06-18T03:57:21+0000,04877366bdf09f25c53a4bebafb23e5a280fd5bf
seatunnel-0491a33edca0a804a9c244cf9c60bb9df5580980,seatunnel-0491a33edca0a804a9c244cf9c60bb9df5580980,TRK,public,2023-06-17T20:20:43+0000,0491a33edca0a804a9c244cf9c60bb9df5580980
seatunnel-04addef64bbd2567d47acbb7f434245fba7ac8a5,seatunnel-04addef64bbd2567d47acbb7f434245fba7ac8a5,TRK,public,2023-06-18T04:31:54+0000,04addef64bbd2567d47acbb7f434245fba7ac8a5
seatunnel-04b49e6d73f81bcb8cbdf911696fcacf67b87209,seatunnel-04b49e6d73f81bcb8cbdf911696fcacf67b87209,TRK,public,2023-06-17T08:59:01+0000,04b49e6d73f81bcb8cbdf911696fcacf67b87209
seatunnel-04b586f2b81648ac9cc88b70a09f979280555606,seatunnel-04b586f2b81648ac9cc88b70a09f979280555606,TRK,public,2023-06-17T21:26:27+0000,04b586f2b81648ac9cc88b70a09f979280555606
seatunnel-04e1743d9e9f9675bed5f0813b4c50ab9cba9d15,seatunnel-04e1743d9e9f9675bed5f0813b4c50ab9cba9d15,TRK,public,2023-06-17T12:38:03+0000,04e1743d9e9f9675bed5f0813b4c50ab9cba9d15
seatunnel-04f167d08430544a4b87744ac127ffec17c0f565,seatunnel-04f167d08430544a4b87744ac127ffec17c0f565,TRK,public,2023-06-17T21:48:41+0000,04f167d08430544a4b87744ac127ffec17c0f565
seatunnel-0526b80de696f08ac55960233bd529994405feda,seatunnel-0526b80de696f08ac55960233bd529994405feda,TRK,public,2023-06-18T02:39:47+0000,0526b80de696f08ac55960233bd529994405feda
seatunnel-055ad9d8369947f935fc743def6f8df52550b090,seatunnel-055ad9d8369947f935fc743def6f8df52550b090,TRK,public,2023-06-17T10:21:23+0000,055ad9d8369947f935fc743def6f8df52550b090
seatunnel-0567e2af27461bed76b1658da290225efcefbafd,seatunnel-0567e2af27461bed76b1658da290225efcefbafd,TRK,public,2023-06-17T18:11:16+0000,0567e2af27461bed76b1658da290225efcefbafd
seatunnel-05733d73e4201ebc2d22fe6ef473c8f078ad299d,seatunnel-05733d73e4201ebc2d22fe6ef473c8f078ad299d,TRK,public,2023-06-18T03:39:58+0000,05733d73e4201ebc2d22fe6ef473c8f078ad299d
seatunnel-059f9561acf3fd022fcd88147d03b756ca4f18a0,seatunnel-059f9561acf3fd022fcd88147d03b756ca4f18a0,TRK,public,2023-06-18T02:57:29+0000,059f9561acf3fd022fcd88147d03b756ca4f18a0
seatunnel-05ccf9d68c1f6c1d9de1d15d8253e70afe82a118,seatunnel-05ccf9d68c1f6c1d9de1d15d8253e70afe82a118,TRK,public,2023-06-17T20:32:40+0000,05ccf9d68c1f6c1d9de1d15d8253e70afe82a118
seatunnel-05d105dea3ee53b9d001adbfcf2ec87ea06f8aba,seatunnel-05d105dea3ee53b9d001adbfcf2ec87ea06f8aba,TRK,public,2023-06-17T19:44:53+0000,05d105dea3ee53b9d001adbfcf2ec87ea06f8aba
seatunnel-061f9b587212fc5854443eec25113ee8c78c9014,seatunnel-061f9b587212fc5854443eec25113ee8c78c9014,TRK,public,2023-06-17T07:23:59+0000,061f9b587212fc5854443eec25113ee8c78c9014
seatunnel-06359ea76a094c586c70d7a060778156e580f8e1,seatunnel-06359ea76a094c586c70d7a060778156e580f8e1,TRK,public,2023-06-17T14:08:26+0000,06359ea76a094c586c70d7a060778156e580f8e1
seatunnel-063e21e7edd08ee5e2b98dc321d3f5a7050d7860,seatunnel-063e21e7edd08ee5e2b98dc321d3f5a7050d7860,TRK,public,2023-06-18T02:52:11+0000,063e21e7edd08ee5e2b98dc321d3f5a7050d7860
seatunnel-0645d111800c1653684b0d3779dc11f891aa05a9,seatunnel-0645d111800c1653684b0d3779dc11f891aa05a9,TRK,public,2023-06-17T14:41:00+0000,0645d111800c1653684b0d3779dc11f891aa05a9
seatunnel-0656b5025d074b3ab41ac3ee319b7032b7036c24,seatunnel-0656b5025d074b3ab41ac3ee319b7032b7036c24,TRK,public,2023-06-17T22:53:21+0000,0656b5025d074b3ab41ac3ee319b7032b7036c24
seatunnel-0674f10a5300e9c337b1b979fca710799f10fe6a,seatunnel-0674f10a5300e9c337b1b979fca710799f10fe6a,TRK,public,2023-06-17T07:18:07+0000,0674f10a5300e9c337b1b979fca710799f10fe6a
seatunnel-06c59a25f3e8d49841fa49aa8ca8b8254e135080,seatunnel-06c59a25f3e8d49841fa49aa8ca8b8254e135080,TRK,public,2023-06-17T05:14:37+0000,06c59a25f3e8d49841fa49aa8ca8b8254e135080
seatunnel-06e6607f85b05b4a46634a85b1237b92d2075c88,seatunnel-06e6607f85b05b4a46634a85b1237b92d2075c88,TRK,public,2023-06-18T04:25:06+0000,06e6607f85b05b4a46634a85b1237b92d2075c88
seatunnel-06e74eb5bdccad5e1ecbcb07e7096c066efa7802,seatunnel-06e74eb5bdccad5e1ecbcb07e7096c066efa7802,TRK,public,2023-06-18T00:03:36+0000,06e74eb5bdccad5e1ecbcb07e7096c066efa7802
seatunnel-06e8df11a5dc9a75fcb80d0d530dfe534936c715,seatunnel-06e8df11a5dc9a75fcb80d0d530dfe534936c715,TRK,public,2023-06-17T15:53:05+0000,06e8df11a5dc9a75fcb80d0d530dfe534936c715
seatunnel-06fa850da937b797d5981d42b3f0b533575a5cb5,seatunnel-06fa850da937b797d5981d42b3f0b533575a5cb5,TRK,public,2023-06-17T05:12:31+0000,06fa850da937b797d5981d42b3f0b533575a5cb5
seatunnel-0713a28b9b607eaea7af6eba3dcefe94216eff5d,seatunnel-0713a28b9b607eaea7af6eba3dcefe94216eff5d,TRK,public,2023-06-18T00:31:20+0000,0713a28b9b607eaea7af6eba3dcefe94216eff5d
seatunnel-071f9aa05531124e87afc2853fc45e530f53fc2f,seatunnel-071f9aa05531124e87afc2853fc45e530f53fc2f,TRK,public,2023-06-17T13:54:39+0000,071f9aa05531124e87afc2853fc45e530f53fc2f
seatunnel-07435ec7c4beff72073af89573d9114ba5dada24,seatunnel-07435ec7c4beff72073af89573d9114ba5dada24,TRK,public,2023-06-17T07:29:46+0000,07435ec7c4beff72073af89573d9114ba5dada24
seatunnel-074cbbedcab7a7e38e499695a1c69f63c3e072e3,seatunnel-074cbbedcab7a7e38e499695a1c69f63c3e072e3,TRK,public,2023-06-18T03:33:55+0000,074cbbedcab7a7e38e499695a1c69f63c3e072e3
seatunnel-07643bc9c08a20b0a9bb6e12f311326e2a7ab129,seatunnel-07643bc9c08a20b0a9bb6e12f311326e2a7ab129,TRK,public,2023-06-18T01:15:05+0000,07643bc9c08a20b0a9bb6e12f311326e2a7ab129
seatunnel-077a8d27a7ce94cfa3150c233caa8c3d3e7b8a60,seatunnel-077a8d27a7ce94cfa3150c233caa8c3d3e7b8a60,TRK,public,2023-06-17T06:50:01+0000,077a8d27a7ce94cfa3150c233caa8c3d3e7b8a60
seatunnel-07c2a11f1eccd09aabd39529f138be14c55e7a42,seatunnel-07c2a11f1eccd09aabd39529f138be14c55e7a42,TRK,public,2023-06-17T16:56:53+0000,07c2a11f1eccd09aabd39529f138be14c55e7a42
seatunnel-07d78c56c559483a3f7637eb02dba764ff9fa4dc,seatunnel-07d78c56c559483a3f7637eb02dba764ff9fa4dc,TRK,public,2023-06-16T18:24:25+0000,07d78c56c559483a3f7637eb02dba764ff9fa4dc
seatunnel-07da889d287566f82a9505b6fa4772950c5aae61,seatunnel-07da889d287566f82a9505b6fa4772950c5aae61,TRK,public,2023-06-17T10:52:20+0000,07da889d287566f82a9505b6fa4772950c5aae61
seatunnel-085e77729b7b0ed3be30fb1364f375e640ad6d2b,seatunnel-085e77729b7b0ed3be30fb1364f375e640ad6d2b,TRK,public,2023-06-17T15:25:12+0000,085e77729b7b0ed3be30fb1364f375e640ad6d2b
seatunnel-087f3ae09160c3a1221369ab6baea486456709fe,seatunnel-087f3ae09160c3a1221369ab6baea486456709fe,TRK,public,2023-06-17T15:18:10+0000,087f3ae09160c3a1221369ab6baea486456709fe
seatunnel-089382e3a6a4678a04baf94d248e3c9dd705b899,seatunnel-089382e3a6a4678a04baf94d248e3c9dd705b899,TRK,public,2023-06-17T09:09:47+0000,089382e3a6a4678a04baf94d248e3c9dd705b899
seatunnel-08b6f992aac166e192f6cfceabbc65ca710b06f1,seatunnel-08b6f992aac166e192f6cfceabbc65ca710b06f1,TRK,public,2023-06-17T03:59:58+0000,08b6f992aac166e192f6cfceabbc65ca710b06f1
seatunnel-08deae5b6e272f5a5ce9622d4888632f83bb3562,seatunnel-08deae5b6e272f5a5ce9622d4888632f83bb3562,TRK,public,2023-06-18T03:54:37+0000,08deae5b6e272f5a5ce9622d4888632f83bb3562
seatunnel-08f8615078cf0a96c8b0241308a066ee10e43e4b,seatunnel-08f8615078cf0a96c8b0241308a066ee10e43e4b,TRK,public,2023-06-17T12:41:24+0000,08f8615078cf0a96c8b0241308a066ee10e43e4b
seatunnel-090419de8f1b4d6437a7de001ed899fac78f7fc0,seatunnel-090419de8f1b4d6437a7de001ed899fac78f7fc0,TRK,public,2023-06-17T21:33:11+0000,090419de8f1b4d6437a7de001ed899fac78f7fc0
seatunnel-092d8461df91bd7d3011b1ac9af25e2ce63dd624,seatunnel-092d8461df91bd7d3011b1ac9af25e2ce63dd624,TRK,public,2023-06-17T20:58:33+0000,092d8461df91bd7d3011b1ac9af25e2ce63dd624
seatunnel-09300d4bb4fcd024c4280df3f2a157a69fc6dab3,seatunnel-09300d4bb4fcd024c4280df3f2a157a69fc6dab3,TRK,public,2023-06-17T17:41:56+0000,09300d4bb4fcd024c4280df3f2a157a69fc6dab3
seatunnel-093add27b915670e5dbf7712eae639fe673ea14e,seatunnel-093add27b915670e5dbf7712eae639fe673ea14e,TRK,public,2023-06-17T20:29:54+0000,093add27b915670e5dbf7712eae639fe673ea14e
seatunnel-09ddbbda75fd71d516ea5e1a05a43e8e6aeec6a1,seatunnel-09ddbbda75fd71d516ea5e1a05a43e8e6aeec6a1,TRK,public,2023-06-18T03:28:33+0000,09ddbbda75fd71d516ea5e1a05a43e8e6aeec6a1
seatunnel-0a095625159dd5cf106637ff5d47f1e3615ba867,seatunnel-0a095625159dd5cf106637ff5d47f1e3615ba867,TRK,public,2023-06-17T11:43:20+0000,0a095625159dd5cf106637ff5d47f1e3615ba867
seatunnel-0a10c40de4daa95ffd411cdcff112d7f0026c1d2,seatunnel-0a10c40de4daa95ffd411cdcff112d7f0026c1d2,TRK,public,2023-06-17T06:59:06+0000,0a10c40de4daa95ffd411cdcff112d7f0026c1d2
seatunnel-0a3b6f3a803b4b7edff41696c7c724ea9f96281b,seatunnel-0a3b6f3a803b4b7edff41696c7c724ea9f96281b,TRK,public,2023-06-18T02:16:58+0000,0a3b6f3a803b4b7edff41696c7c724ea9f96281b
seatunnel-0a611da786b8d72bcfbc49f56dd81bdf8d76a837,seatunnel-0a611da786b8d72bcfbc49f56dd81bdf8d76a837,TRK,public,2023-06-18T00:12:34+0000,0a611da786b8d72bcfbc49f56dd81bdf8d76a837
seatunnel-0b07b20838470432627e9c616114fd7a95bcb745,seatunnel-0b07b20838470432627e9c616114fd7a95bcb745,TRK,public,2023-06-18T02:53:18+0000,0b07b20838470432627e9c616114fd7a95bcb745
seatunnel-0b1bdb745b2196a798b3192887e69b24baafdcde,seatunnel-0b1bdb745b2196a798b3192887e69b24baafdcde,TRK,public,2023-06-17T11:56:37+0000,0b1bdb745b2196a798b3192887e69b24baafdcde
seatunnel-0b5a2852fbd1bec8c0c882f93ac5ebbd6af08c11,seatunnel-0b5a2852fbd1bec8c0c882f93ac5ebbd6af08c11,TRK,public,2023-06-17T18:02:32+0000,0b5a2852fbd1bec8c0c882f93ac5ebbd6af08c11
seatunnel-0b62512cc453f9d96399c5963e0ab469590585f3,seatunnel-0b62512cc453f9d96399c5963e0ab469590585f3,TRK,public,2023-06-18T02:47:58+0000,0b62512cc453f9d96399c5963e0ab469590585f3
seatunnel-0b73b5fe100a4724f0560c722a163306cef02711,seatunnel-0b73b5fe100a4724f0560c722a163306cef02711,TRK,public,2023-06-17T15:33:06+0000,0b73b5fe100a4724f0560c722a163306cef02711
seatunnel-0bc12085c248880ef616eb802400e95ff2982b1b,seatunnel-0bc12085c248880ef616eb802400e95ff2982b1b,TRK,public,2023-06-17T17:40:13+0000,0bc12085c248880ef616eb802400e95ff2982b1b
seatunnel-0be2622cdc60885d5f6a1108573515636a4589e9,seatunnel-0be2622cdc60885d5f6a1108573515636a4589e9,TRK,public,2023-06-18T02:07:27+0000,0be2622cdc60885d5f6a1108573515636a4589e9
seatunnel-0bebef9c8bf5abff5bee0b974d6846effd3d32f7,seatunnel-0bebef9c8bf5abff5bee0b974d6846effd3d32f7,TRK,public,2023-06-17T09:19:07+0000,0bebef9c8bf5abff5bee0b974d6846effd3d32f7
seatunnel-0bfd6259338720246a47c179409fbca0880f0159,seatunnel-0bfd6259338720246a47c179409fbca0880f0159,TRK,public,2023-06-17T23:23:46+0000,0bfd6259338720246a47c179409fbca0880f0159
seatunnel-0c0e5f978e54283b20878fc73bef08d299d0fe0f,seatunnel-0c0e5f978e54283b20878fc73bef08d299d0fe0f,TRK,public,2023-06-17T06:15:44+0000,0c0e5f978e54283b20878fc73bef08d299d0fe0f
seatunnel-0c3dccb82be7561651a1fa270ecc4e91f5dfce1e,seatunnel-0c3dccb82be7561651a1fa270ecc4e91f5dfce1e,TRK,public,2023-06-18T03:52:21+0000,0c3dccb82be7561651a1fa270ecc4e91f5dfce1e
seatunnel-0c491efe48629f475ae52b489cc24dfc867c01c6,seatunnel-0c491efe48629f475ae52b489cc24dfc867c01c6,TRK,public,2023-06-17T17:37:41+0000,0c491efe48629f475ae52b489cc24dfc867c01c6
seatunnel-0c5986fbecdbfb61306099af2bb170d7f7bc78d7,seatunnel-0c5986fbecdbfb61306099af2bb170d7f7bc78d7,TRK,public,2023-06-17T11:14:27+0000,0c5986fbecdbfb61306099af2bb170d7f7bc78d7
seatunnel-0c8ede51a894415ed19d03453ac0d58b9ad1fa63,seatunnel-0c8ede51a894415ed19d03453ac0d58b9ad1fa63,TRK,public,2023-06-18T03:18:23+0000,0c8ede51a894415ed19d03453ac0d58b9ad1fa63
seatunnel-0cab86e0b013862635d5a7df1f2ef07d0ea99396,seatunnel-0cab86e0b013862635d5a7df1f2ef07d0ea99396,TRK,public,2023-06-18T01:53:21+0000,0cab86e0b013862635d5a7df1f2ef07d0ea99396
seatunnel-0d1078e0bf5d95db9c6e899326d0853839e6b0ca,seatunnel-0d1078e0bf5d95db9c6e899326d0853839e6b0ca,TRK,public,2023-06-18T01:34:51+0000,0d1078e0bf5d95db9c6e899326d0853839e6b0ca
seatunnel-0d1332806021f796a50b470a39b0081df079fa2c,seatunnel-0d1332806021f796a50b470a39b0081df079fa2c,TRK,public,2023-06-18T03:23:53+0000,0d1332806021f796a50b470a39b0081df079fa2c
seatunnel-0d2f6f4d7c02489bf640b22b9c5480a935e40474,seatunnel-0d2f6f4d7c02489bf640b22b9c5480a935e40474,TRK,public,2023-06-17T21:44:00+0000,0d2f6f4d7c02489bf640b22b9c5480a935e40474
seatunnel-0d8d927521bbe573b559c9da692f106b23c02189,seatunnel-0d8d927521bbe573b559c9da692f106b23c02189,TRK,public,2023-06-17T13:05:08+0000,0d8d927521bbe573b559c9da692f106b23c02189
seatunnel-0db318bc93858d3a7e74f6633e425d8593df91f2,seatunnel-0db318bc93858d3a7e74f6633e425d8593df91f2,TRK,public,2023-06-17T23:58:09+0000,0db318bc93858d3a7e74f6633e425d8593df91f2
seatunnel-0dca879c046136efda143643d0577d3d6c5675c2,seatunnel-0dca879c046136efda143643d0577d3d6c5675c2,TRK,public,2023-06-17T20:02:43+0000,0dca879c046136efda143643d0577d3d6c5675c2
seatunnel-0df8e836a45fb11afa589fad0c9778d1b00bd5be,seatunnel-0df8e836a45fb11afa589fad0c9778d1b00bd5be,TRK,public,2023-06-17T15:06:53+0000,0df8e836a45fb11afa589fad0c9778d1b00bd5be
seatunnel-0e05db444d3aa7ab71d94bd3015c0ba86035a51b,seatunnel-0e05db444d3aa7ab71d94bd3015c0ba86035a51b,TRK,public,2023-06-17T19:22:25+0000,0e05db444d3aa7ab71d94bd3015c0ba86035a51b
seatunnel-0e1e9e82279cee472d37ae5a6c865e4426a4f9bf,seatunnel-0e1e9e82279cee472d37ae5a6c865e4426a4f9bf,TRK,public,2023-06-18T03:02:19+0000,0e1e9e82279cee472d37ae5a6c865e4426a4f9bf
seatunnel-0e30dc29cb724d8b38e11d9ee60a68f4fef5f975,seatunnel-0e30dc29cb724d8b38e11d9ee60a68f4fef5f975,TRK,public,2023-06-18T03:37:09+0000,0e30dc29cb724d8b38e11d9ee60a68f4fef5f975
seatunnel-0e4e2b1230c019c6a11ec927b6cd47af4b1cfa4e,seatunnel-0e4e2b1230c019c6a11ec927b6cd47af4b1cfa4e,TRK,public,2023-06-17T21:11:07+0000,0e4e2b1230c019c6a11ec927b6cd47af4b1cfa4e
seatunnel-0e69d0292b101364fdabb26ba877231a038db789,seatunnel-0e69d0292b101364fdabb26ba877231a038db789,TRK,public,2023-06-17T17:03:11+0000,0e69d0292b101364fdabb26ba877231a038db789
seatunnel-0e731052da444451c59893734e68559c415a7924,seatunnel-0e731052da444451c59893734e68559c415a7924,TRK,public,2023-06-18T00:34:47+0000,0e731052da444451c59893734e68559c415a7924
seatunnel-0e8351d56facf36681ea001594d0855156350ccc,seatunnel-0e8351d56facf36681ea001594d0855156350ccc,TRK,public,2023-06-17T15:31:23+0000,0e8351d56facf36681ea001594d0855156350ccc
seatunnel-0e85e1c57d1b7645a90661bbf2ebda4fe0a9c83c,seatunnel-0e85e1c57d1b7645a90661bbf2ebda4fe0a9c83c,TRK,public,2023-06-17T15:41:54+0000,0e85e1c57d1b7645a90661bbf2ebda4fe0a9c83c
seatunnel-0ea325e4cb5f09d7de69b9caf21be49fea112b70,seatunnel-0ea325e4cb5f09d7de69b9caf21be49fea112b70,TRK,public,2023-06-18T03:27:10+0000,0ea325e4cb5f09d7de69b9caf21be49fea112b70
seatunnel-0ecd7906c2791e2f8b9e6e85c126db7d1ea33700,seatunnel-0ecd7906c2791e2f8b9e6e85c126db7d1ea33700,TRK,public,2023-06-17T17:46:08+0000,0ecd7906c2791e2f8b9e6e85c126db7d1ea33700
seatunnel-0eff3aeed0b0654284d767d3122ea63d8bd0e7ac,seatunnel-0eff3aeed0b0654284d767d3122ea63d8bd0e7ac,TRK,public,2023-06-17T03:16:12+0000,0eff3aeed0b0654284d767d3122ea63d8bd0e7ac
seatunnel-0f0afb58af7ecb04aa7fce9562488685a78f071c,seatunnel-0f0afb58af7ecb04aa7fce9562488685a78f071c,TRK,public,2023-06-17T11:37:42+0000,0f0afb58af7ecb04aa7fce9562488685a78f071c
seatunnel-0f0b7e98a5be009ca6baa9cf10903d51952be329,seatunnel-0f0b7e98a5be009ca6baa9cf10903d51952be329,TRK,public,2023-06-18T04:30:02+0000,0f0b7e98a5be009ca6baa9cf10903d51952be329
seatunnel-0f2b6b8817a68b124b3b81dd10b1a565faaeb01d,seatunnel-0f2b6b8817a68b124b3b81dd10b1a565faaeb01d,TRK,public,2023-06-17T16:03:23+0000,0f2b6b8817a68b124b3b81dd10b1a565faaeb01d
seatunnel-0f45b63cb8ada88f12daa4a8fe131fa192f01c44,seatunnel-0f45b63cb8ada88f12daa4a8fe131fa192f01c44,TRK,public,2023-06-18T03:14:24+0000,0f45b63cb8ada88f12daa4a8fe131fa192f01c44
seatunnel-0f65db08efcca7aa8d852977ef6ed196f44fb018,seatunnel-0f65db08efcca7aa8d852977ef6ed196f44fb018,TRK,public,2023-06-17T08:26:18+0000,0f65db08efcca7aa8d852977ef6ed196f44fb018
seatunnel-0fce8a58786f02c04bbe6d7fdca5539c9a40d1be,seatunnel-0fce8a58786f02c04bbe6d7fdca5539c9a40d1be,TRK,public,2023-06-18T02:19:15+0000,0fce8a58786f02c04bbe6d7fdca5539c9a40d1be
seatunnel-0fd8da9c1c414576dc4f9a164e3b862639f23965,seatunnel-0fd8da9c1c414576dc4f9a164e3b862639f23965,TRK,public,2023-06-17T16:30:03+0000,0fd8da9c1c414576dc4f9a164e3b862639f23965
seatunnel-0fec8ca4383100ecab2de5e7e7f38bb256520fa3,seatunnel-0fec8ca4383100ecab2de5e7e7f38bb256520fa3,TRK,public,2023-06-17T21:18:04+0000,0fec8ca4383100ecab2de5e7e7f38bb256520fa3
seatunnel-0ffc40fe8456cc5e5646e708f47567a06b2539b0,seatunnel-0ffc40fe8456cc5e5646e708f47567a06b2539b0,TRK,public,2023-06-17T19:37:29+0000,0ffc40fe8456cc5e5646e708f47567a06b2539b0
seatunnel-10046b0d9090385252a4018d271286a077352b8b,seatunnel-10046b0d9090385252a4018d271286a077352b8b,TRK,public,2023-06-17T13:49:17+0000,10046b0d9090385252a4018d271286a077352b8b
seatunnel-100f65aae7347cdf91784b6724f2efa05bff5879,seatunnel-100f65aae7347cdf91784b6724f2efa05bff5879,TRK,public,2023-06-18T02:00:03+0000,100f65aae7347cdf91784b6724f2efa05bff5879
seatunnel-1058a20053567f35c6e777ecef192d4fd78708b0,seatunnel-1058a20053567f35c6e777ecef192d4fd78708b0,TRK,public,2023-06-17T14:02:57+0000,1058a20053567f35c6e777ecef192d4fd78708b0
seatunnel-1060c978a68c94e7dc48312f5a79b0af6d7ef0c8,seatunnel-1060c978a68c94e7dc48312f5a79b0af6d7ef0c8,TRK,public,2023-06-18T00:21:42+0000,1060c978a68c94e7dc48312f5a79b0af6d7ef0c8
seatunnel-10e7b452ae0ba5ae0bb90decc12f04e4b5ae539a,seatunnel-10e7b452ae0ba5ae0bb90decc12f04e4b5ae539a,TRK,public,2023-06-17T09:24:37+0000,10e7b452ae0ba5ae0bb90decc12f04e4b5ae539a
seatunnel-1113cb9c3aac6a40a3e491ca04f34fd07ca65ee1,seatunnel-1113cb9c3aac6a40a3e491ca04f34fd07ca65ee1,TRK,public,2023-06-17T23:15:30+0000,1113cb9c3aac6a40a3e491ca04f34fd07ca65ee1
seatunnel-1118c8317b18d047abce3253a1b47777b595d6a8,seatunnel-1118c8317b18d047abce3253a1b47777b595d6a8,TRK,public,2023-06-17T10:55:59+0000,1118c8317b18d047abce3253a1b47777b595d6a8
seatunnel-111edfc33554d449036adc479a9b6512ed89f938,seatunnel-111edfc33554d449036adc479a9b6512ed89f938,TRK,public,2023-06-18T04:05:03+0000,111edfc33554d449036adc479a9b6512ed89f938
seatunnel-11395bef929febde00067ba78f7ee761a0944629,seatunnel-11395bef929febde00067ba78f7ee761a0944629,TRK,public,2023-06-17T04:30:01+0000,11395bef929febde00067ba78f7ee761a0944629
seatunnel-1148412b1926b07071875b662a0536fbd7aeb726,seatunnel-1148412b1926b07071875b662a0536fbd7aeb726,TRK,public,2023-06-17T18:21:13+0000,1148412b1926b07071875b662a0536fbd7aeb726
seatunnel-11709d0967983f4fe08234ce51d1cda595110007,seatunnel-11709d0967983f4fe08234ce51d1cda595110007,TRK,public,2023-06-18T02:52:33+0000,11709d0967983f4fe08234ce51d1cda595110007
seatunnel-11b1d1832affd3ef3663a494c9bf7a696af2ac5c,seatunnel-11b1d1832affd3ef3663a494c9bf7a696af2ac5c,TRK,public,2023-06-18T01:24:07+0000,11b1d1832affd3ef3663a494c9bf7a696af2ac5c
seatunnel-11de68a0b113f1a8adffdb10c0c65764bc4ca4a3,seatunnel-11de68a0b113f1a8adffdb10c0c65764bc4ca4a3,TRK,public,2023-06-17T15:13:52+0000,11de68a0b113f1a8adffdb10c0c65764bc4ca4a3
seatunnel-11e94b216fc62a073fe42de9df7cb18f687de855,seatunnel-11e94b216fc62a073fe42de9df7cb18f687de855,TRK,public,2023-06-17T06:16:46+0000,11e94b216fc62a073fe42de9df7cb18f687de855
seatunnel-12200a5c5ca465ae69f099129122df431b869d87,seatunnel-12200a5c5ca465ae69f099129122df431b869d87,TRK,public,2023-06-17T09:42:16+0000,12200a5c5ca465ae69f099129122df431b869d87
seatunnel-12268a6f4b6fd47f7bb797a13b788cbac33bbce4,seatunnel-12268a6f4b6fd47f7bb797a13b788cbac33bbce4,TRK,public,2023-06-17T15:38:26+0000,12268a6f4b6fd47f7bb797a13b788cbac33bbce4
seatunnel-12c0fb91d2f195e07abeab48a9e408659d46e485,seatunnel-12c0fb91d2f195e07abeab48a9e408659d46e485,TRK,public,2023-06-17T12:42:15+0000,12c0fb91d2f195e07abeab48a9e408659d46e485
seatunnel-12d66b42476db54862d0d54854d2a6a87c3c0432,seatunnel-12d66b42476db54862d0d54854d2a6a87c3c0432,TRK,public,2023-06-17T14:28:16+0000,12d66b42476db54862d0d54854d2a6a87c3c0432
seatunnel-12e1e1b71b1c957761fe8c6f7b359549978f6728,seatunnel-12e1e1b71b1c957761fe8c6f7b359549978f6728,TRK,public,2023-06-18T03:53:17+0000,12e1e1b71b1c957761fe8c6f7b359549978f6728
seatunnel-12ebcb4a0d1f2644a635f3972b7f43a3e3d4d155,seatunnel-12ebcb4a0d1f2644a635f3972b7f43a3e3d4d155,TRK,public,2023-06-17T21:42:00+0000,12ebcb4a0d1f2644a635f3972b7f43a3e3d4d155
seatunnel-12fa644c2c86f24bb3b9f202ae68fdf2b5b50e4e,seatunnel-12fa644c2c86f24bb3b9f202ae68fdf2b5b50e4e,TRK,public,2023-06-17T18:10:23+0000,12fa644c2c86f24bb3b9f202ae68fdf2b5b50e4e
seatunnel-13028f4b1d4d035594b77d6d9aa742b4a911cd0d,seatunnel-13028f4b1d4d035594b77d6d9aa742b4a911cd0d,TRK,public,2023-06-18T03:00:27+0000,13028f4b1d4d035594b77d6d9aa742b4a911cd0d
seatunnel-131ebb42b6581ff762368b7808e00f03c21793ce,seatunnel-131ebb42b6581ff762368b7808e00f03c21793ce,TRK,public,2023-06-17T06:17:49+0000,131ebb42b6581ff762368b7808e00f03c21793ce
seatunnel-134e0b1aa554aa8856ed81857d00c80c7192325f,seatunnel-134e0b1aa554aa8856ed81857d00c80c7192325f,TRK,public,2023-06-18T02:26:51+0000,134e0b1aa554aa8856ed81857d00c80c7192325f
seatunnel-1351ee9e292a26b4deda065677c227b998156aae,seatunnel-1351ee9e292a26b4deda065677c227b998156aae,TRK,public,2023-06-18T00:05:38+0000,1351ee9e292a26b4deda065677c227b998156aae
seatunnel-13643149885db942a28999316136614400bd492a,seatunnel-13643149885db942a28999316136614400bd492a,TRK,public,2023-06-17T02:56:19+0000,13643149885db942a28999316136614400bd492a
seatunnel-13846f45d1334c94e185a95c9f7a0d0fe22b47bd,seatunnel-13846f45d1334c94e185a95c9f7a0d0fe22b47bd,TRK,public,2023-06-18T00:03:13+0000,13846f45d1334c94e185a95c9f7a0d0fe22b47bd
seatunnel-139256741ad0e86d4c097fab50378591bd1ad586,seatunnel-139256741ad0e86d4c097fab50378591bd1ad586,TRK,public,2023-06-17T10:41:31+0000,139256741ad0e86d4c097fab50378591bd1ad586
seatunnel-139a0aacd52811902677ffd4ab80be6e13d29108,seatunnel-139a0aacd52811902677ffd4ab80be6e13d29108,TRK,public,2023-06-18T00:04:01+0000,139a0aacd52811902677ffd4ab80be6e13d29108
seatunnel-13baee2765aee5b6f13071fbb7af4f3f34374d4e,seatunnel-13baee2765aee5b6f13071fbb7af4f3f34374d4e,TRK,public,2023-06-17T14:52:33+0000,13baee2765aee5b6f13071fbb7af4f3f34374d4e
seatunnel-13e64d44147acc648c00e6ab5de7def67586ae8d,seatunnel-13e64d44147acc648c00e6ab5de7def67586ae8d,TRK,public,2023-06-17T05:33:42+0000,13e64d44147acc648c00e6ab5de7def67586ae8d
seatunnel-1400f6b443cf6c1481a3187bd829d27179f6f73d,seatunnel-1400f6b443cf6c1481a3187bd829d27179f6f73d,TRK,public,2023-06-17T22:13:35+0000,1400f6b443cf6c1481a3187bd829d27179f6f73d
seatunnel-1401ede5252083f6c517cbc32c86825d445bc59e,seatunnel-1401ede5252083f6c517cbc32c86825d445bc59e,TRK,public,2023-06-18T03:22:55+0000,1401ede5252083f6c517cbc32c86825d445bc59e
seatunnel-14703feb8a320997a704e47d1994b510de9033e5,seatunnel-14703feb8a320997a704e47d1994b510de9033e5,TRK,public,2023-06-17T11:04:26+0000,14703feb8a320997a704e47d1994b510de9033e5
seatunnel-14d3b92a546fa150f3463550360b3b5f23164b91,seatunnel-14d3b92a546fa150f3463550360b3b5f23164b91,TRK,public,2023-06-17T21:15:17+0000,14d3b92a546fa150f3463550360b3b5f23164b91
seatunnel-14e4d2425d45f08e2e59dbee96aefd2f708b514c,seatunnel-14e4d2425d45f08e2e59dbee96aefd2f708b514c,TRK,public,2023-06-17T23:24:45+0000,14e4d2425d45f08e2e59dbee96aefd2f708b514c
seatunnel-14e6066119b2ad2bdcf2da20efe2eb5048f005ea,seatunnel-14e6066119b2ad2bdcf2da20efe2eb5048f005ea,TRK,public,2023-06-17T23:11:20+0000,14e6066119b2ad2bdcf2da20efe2eb5048f005ea
seatunnel-14f30f1927279e71fe4762fc675e328f160cb539,seatunnel-14f30f1927279e71fe4762fc675e328f160cb539,TRK,public,2023-06-18T02:46:07+0000,14f30f1927279e71fe4762fc675e328f160cb539
seatunnel-15377583d6fc91c833022f455a89485e6a2ded55,seatunnel-15377583d6fc91c833022f455a89485e6a2ded55,TRK,public,2023-06-18T01:23:42+0000,15377583d6fc91c833022f455a89485e6a2ded55
seatunnel-15530d2785ff98e8560951f59876104e7d6f321c,seatunnel-15530d2785ff98e8560951f59876104e7d6f321c,TRK,public,2023-06-17T07:09:12+0000,15530d2785ff98e8560951f59876104e7d6f321c
seatunnel-155e1e8e52723d0c600f9f3057e2b8929c825204,seatunnel-155e1e8e52723d0c600f9f3057e2b8929c825204,TRK,public,2023-06-17T12:04:27+0000,155e1e8e52723d0c600f9f3057e2b8929c825204
seatunnel-15636bdea1580196118b942d2d3587e0262d2b8f,seatunnel-15636bdea1580196118b942d2d3587e0262d2b8f,TRK,public,2023-06-17T17:53:39+0000,15636bdea1580196118b942d2d3587e0262d2b8f
seatunnel-159eb8423c99f21f951abe1a37753bafa206c4dc,seatunnel-159eb8423c99f21f951abe1a37753bafa206c4dc,TRK,public,2023-06-18T01:44:00+0000,159eb8423c99f21f951abe1a37753bafa206c4dc
seatunnel-15e889052a4564bcc2daa6e6ea2dca9b8a4872d0,seatunnel-15e889052a4564bcc2daa6e6ea2dca9b8a4872d0,TRK,public,2023-06-18T01:28:10+0000,15e889052a4564bcc2daa6e6ea2dca9b8a4872d0
seatunnel-15f41bff082aaf547b2dceec3718e08c832fe7c8,seatunnel-15f41bff082aaf547b2dceec3718e08c832fe7c8,TRK,public,2023-06-17T23:43:24+0000,15f41bff082aaf547b2dceec3718e08c832fe7c8
seatunnel-1636afad078d012342ad5ed729356cf27d58ebd2,seatunnel-1636afad078d012342ad5ed729356cf27d58ebd2,TRK,public,2023-06-17T07:52:18+0000,1636afad078d012342ad5ed729356cf27d58ebd2
seatunnel-1648132615f534f7534d868c6e818cdb88404055,seatunnel-1648132615f534f7534d868c6e818cdb88404055,TRK,public,2023-06-18T02:09:20+0000,1648132615f534f7534d868c6e818cdb88404055
seatunnel-16639d7c60cc67495ee3d24243676f05254fe75c,seatunnel-16639d7c60cc67495ee3d24243676f05254fe75c,TRK,public,2023-06-17T21:58:01+0000,16639d7c60cc67495ee3d24243676f05254fe75c
seatunnel-1673dcebb5d31a721cbe47fd1f4c8af7e9de6de2,seatunnel-1673dcebb5d31a721cbe47fd1f4c8af7e9de6de2,TRK,public,2023-06-17T23:14:29+0000,1673dcebb5d31a721cbe47fd1f4c8af7e9de6de2
seatunnel-167e62c3b38a4bb8b72351b81bf0e947894af4ab,seatunnel-167e62c3b38a4bb8b72351b81bf0e947894af4ab,TRK,public,2023-06-17T23:26:02+0000,167e62c3b38a4bb8b72351b81bf0e947894af4ab
seatunnel-169a89828abb5b5bdd4383ff9cb5786d0067be5d,seatunnel-169a89828abb5b5bdd4383ff9cb5786d0067be5d,TRK,public,2023-06-17T03:12:53+0000,169a89828abb5b5bdd4383ff9cb5786d0067be5d
seatunnel-16cabe6a35d60a12535a43736d9c52fa878e9cbe,seatunnel-16cabe6a35d60a12535a43736d9c52fa878e9cbe,TRK,public,2023-06-17T20:54:19+0000,16cabe6a35d60a12535a43736d9c52fa878e9cbe
seatunnel-16e0994605e7faba182ab225b21604f5b2e8bbb9,seatunnel-16e0994605e7faba182ab225b21604f5b2e8bbb9,TRK,public,2023-06-17T19:59:05+0000,16e0994605e7faba182ab225b21604f5b2e8bbb9
seatunnel-16e39a506b61ca2bf3c0ec53fb77beed43133a7f,seatunnel-16e39a506b61ca2bf3c0ec53fb77beed43133a7f,TRK,public,2023-06-17T10:15:52+0000,16e39a506b61ca2bf3c0ec53fb77beed43133a7f
seatunnel-175b7b57fa4749c22575e96f325bc21d5dc19b46,seatunnel-175b7b57fa4749c22575e96f325bc21d5dc19b46,TRK,public,2023-06-18T01:42:43+0000,175b7b57fa4749c22575e96f325bc21d5dc19b46
seatunnel-17692bbe840e5bc16126fe59e70595dbff264768,seatunnel-17692bbe840e5bc16126fe59e70595dbff264768,TRK,public,2023-06-18T04:08:49+0000,17692bbe840e5bc16126fe59e70595dbff264768
seatunnel-176e4ac753ce9803f1c634593a6f7bb827ce775a,seatunnel-176e4ac753ce9803f1c634593a6f7bb827ce775a,TRK,public,2023-06-17T20:40:25+0000,176e4ac753ce9803f1c634593a6f7bb827ce775a
seatunnel-17720b5d2941043140f28de8eeb0795da88676d7,seatunnel-17720b5d2941043140f28de8eeb0795da88676d7,TRK,public,2023-06-17T05:04:04+0000,17720b5d2941043140f28de8eeb0795da88676d7
seatunnel-17bc5adcefb9331158fef9a52bffa066c256c692,seatunnel-17bc5adcefb9331158fef9a52bffa066c256c692,TRK,public,2023-06-17T14:37:18+0000,17bc5adcefb9331158fef9a52bffa066c256c692
seatunnel-1807eb6c9587f5342583c885a3a22d2e4d987d40,seatunnel-1807eb6c9587f5342583c885a3a22d2e4d987d40,TRK,public,2023-06-17T12:56:05+0000,1807eb6c9587f5342583c885a3a22d2e4d987d40
seatunnel-1829ddc6627b1e8a6fd3ff422805ca3b287ecb67,seatunnel-1829ddc6627b1e8a6fd3ff422805ca3b287ecb67,TRK,public,2023-06-17T21:09:05+0000,1829ddc6627b1e8a6fd3ff422805ca3b287ecb67
seatunnel-183274f60e6edcb1fa9b80cb1437ef1c8063ff2f,seatunnel-183274f60e6edcb1fa9b80cb1437ef1c8063ff2f,TRK,public,2023-06-17T21:55:22+0000,183274f60e6edcb1fa9b80cb1437ef1c8063ff2f
seatunnel-18385c17e7812d4bde1e0791b835c54e752ef301,seatunnel-18385c17e7812d4bde1e0791b835c54e752ef301,TRK,public,2023-06-17T13:46:37+0000,18385c17e7812d4bde1e0791b835c54e752ef301
seatunnel-183bac02f0c57401d74ee3da604c3b9bf68cf827,seatunnel-183bac02f0c57401d74ee3da604c3b9bf68cf827,TRK,public,2023-06-17T16:06:02+0000,183bac02f0c57401d74ee3da604c3b9bf68cf827
seatunnel-1844a7a175066f1a7fb5052a622c791968dc1844,seatunnel-1844a7a175066f1a7fb5052a622c791968dc1844,TRK,public,2023-06-17T23:48:05+0000,1844a7a175066f1a7fb5052a622c791968dc1844
seatunnel-185621ae9314971a9f55f7b36444b115b88c2570,seatunnel-185621ae9314971a9f55f7b36444b115b88c2570,TRK,public,2023-06-17T15:42:45+0000,185621ae9314971a9f55f7b36444b115b88c2570
seatunnel-1861c0b5cd772f9f0f93d5140d80e70f2fbdc34b,seatunnel-1861c0b5cd772f9f0f93d5140d80e70f2fbdc34b,TRK,public,2023-06-18T02:59:42+0000,1861c0b5cd772f9f0f93d5140d80e70f2fbdc34b
seatunnel-187624f0c0c90f40c49e41ab4f350051e63df210,seatunnel-187624f0c0c90f40c49e41ab4f350051e63df210,TRK,public,2023-06-17T13:55:35+0000,187624f0c0c90f40c49e41ab4f350051e63df210
seatunnel-18b14c8ae731cad23589c51a2432abb7326c37a2,seatunnel-18b14c8ae731cad23589c51a2432abb7326c37a2,TRK,public,2023-06-18T03:51:41+0000,18b14c8ae731cad23589c51a2432abb7326c37a2
seatunnel-192d90415401bc75e2d996e126636bcb635aca4e,seatunnel-192d90415401bc75e2d996e126636bcb635aca4e,TRK,public,2023-06-17T08:22:25+0000,192d90415401bc75e2d996e126636bcb635aca4e
seatunnel-1935d712456319bee07d7f18c6e7d9e0262c601e,seatunnel-1935d712456319bee07d7f18c6e7d9e0262c601e,TRK,public,2023-06-18T00:06:04+0000,1935d712456319bee07d7f18c6e7d9e0262c601e
seatunnel-1943af4494d1fce8b01dc9be8c286c8e3463e526,seatunnel-1943af4494d1fce8b01dc9be8c286c8e3463e526,TRK,public,2023-06-18T01:24:56+0000,1943af4494d1fce8b01dc9be8c286c8e3463e526
seatunnel-19523fe8e919443a5c1582978976fdc7da234d5c,seatunnel-19523fe8e919443a5c1582978976fdc7da234d5c,TRK,public,2023-06-17T21:16:41+0000,19523fe8e919443a5c1582978976fdc7da234d5c
seatunnel-195dee31b08c95a771152d8a446992c800292be6,seatunnel-195dee31b08c95a771152d8a446992c800292be6,TRK,public,2023-06-17T06:57:03+0000,195dee31b08c95a771152d8a446992c800292be6
seatunnel-19792e6091426c245c3196bb90634997189b79d7,seatunnel-19792e6091426c245c3196bb90634997189b79d7,TRK,public,2023-06-17T03:56:44+0000,19792e6091426c245c3196bb90634997189b79d7
seatunnel-19867ee6ad8139f0529ac7a49b782aab7f58ee56,seatunnel-19867ee6ad8139f0529ac7a49b782aab7f58ee56,TRK,public,2023-06-17T22:50:01+0000,19867ee6ad8139f0529ac7a49b782aab7f58ee56
seatunnel-19c0d134579367de2d955ca4a2fd1f53e37da9a8,seatunnel-19c0d134579367de2d955ca4a2fd1f53e37da9a8,TRK,public,2023-06-18T03:20:18+0000,19c0d134579367de2d955ca4a2fd1f53e37da9a8
seatunnel-19d8c442fcf6894780d202ca5220bd1dbe77fd27,seatunnel-19d8c442fcf6894780d202ca5220bd1dbe77fd27,TRK,public,2023-06-17T22:29:06+0000,19d8c442fcf6894780d202ca5220bd1dbe77fd27
seatunnel-19e4f7d126326db856fe4114b630ca204085586e,seatunnel-19e4f7d126326db856fe4114b630ca204085586e,TRK,public,2023-06-18T04:16:45+0000,19e4f7d126326db856fe4114b630ca204085586e
seatunnel-1a368dc04469b7c95366539b0b143304684735e6,seatunnel-1a368dc04469b7c95366539b0b143304684735e6,TRK,public,2023-06-18T00:10:28+0000,1a368dc04469b7c95366539b0b143304684735e6
seatunnel-1a44d3d01862898807aaa486f96faf2e294b2919,seatunnel-1a44d3d01862898807aaa486f96faf2e294b2919,TRK,public,2023-06-17T15:48:48+0000,1a44d3d01862898807aaa486f96faf2e294b2919
seatunnel-1a92b8369b500271de34a3d7419a2d045e04ce14,seatunnel-1a92b8369b500271de34a3d7419a2d045e04ce14,TRK,public,2023-06-17T17:59:23+0000,1a92b8369b500271de34a3d7419a2d045e04ce14
seatunnel-1addc28f42ca10a933df5b33328c948a9e4aeba9,seatunnel-1addc28f42ca10a933df5b33328c948a9e4aeba9,TRK,public,2023-06-18T02:04:45+0000,1addc28f42ca10a933df5b33328c948a9e4aeba9
seatunnel-1af7d38a75f4cd9e331701cf6144008008c0fc3f,seatunnel-1af7d38a75f4cd9e331701cf6144008008c0fc3f,TRK,public,2023-06-18T02:29:12+0000,1af7d38a75f4cd9e331701cf6144008008c0fc3f
seatunnel-1afd67341d2ff1ddcfeb75cc4032a9b2fb41371b,seatunnel-1afd67341d2ff1ddcfeb75cc4032a9b2fb41371b,TRK,public,2023-06-17T02:53:03+0000,1afd67341d2ff1ddcfeb75cc4032a9b2fb41371b
seatunnel-1afed83b2c4ae750ee8159ae359924e6f8e471e4,seatunnel-1afed83b2c4ae750ee8159ae359924e6f8e471e4,TRK,public,2023-06-18T04:29:46+0000,1afed83b2c4ae750ee8159ae359924e6f8e471e4
seatunnel-1b0da1c7d5c50e7b8c000e0aef26024a6a7db4a2,seatunnel-1b0da1c7d5c50e7b8c000e0aef26024a6a7db4a2,TRK,public,2023-06-18T01:08:48+0000,1b0da1c7d5c50e7b8c000e0aef26024a6a7db4a2
seatunnel-1b26192cb3e1df0699c1ced4f9ae35a8796a5bd1,seatunnel-1b26192cb3e1df0699c1ced4f9ae35a8796a5bd1,TRK,public,2023-06-17T10:40:35+0000,1b26192cb3e1df0699c1ced4f9ae35a8796a5bd1
seatunnel-1b33e899709912a6ad67372c651ae586ea892045,seatunnel-1b33e899709912a6ad67372c651ae586ea892045,TRK,public,2023-06-18T02:18:31+0000,1b33e899709912a6ad67372c651ae586ea892045
seatunnel-1b406b5a31ab23cce3c16953c2001c992da21b5e,seatunnel-1b406b5a31ab23cce3c16953c2001c992da21b5e,TRK,public,2023-06-17T13:20:56+0000,1b406b5a31ab23cce3c16953c2001c992da21b5e
seatunnel-1b918160214a0b20ce1ae8f9e02f8e0dce243b53,seatunnel-1b918160214a0b20ce1ae8f9e02f8e0dce243b53,TRK,public,2023-06-17T02:37:44+0000,1b918160214a0b20ce1ae8f9e02f8e0dce243b53
seatunnel-1c031d166d94a5785101dfd6ff2677a0c3978e89,seatunnel-1c031d166d94a5785101dfd6ff2677a0c3978e89,TRK,public,2023-06-18T01:18:51+0000,1c031d166d94a5785101dfd6ff2677a0c3978e89
seatunnel-1c05ee0d7ee00f76c74ddfc17aebdfbd75aa733b,seatunnel-1c05ee0d7ee00f76c74ddfc17aebdfbd75aa733b,TRK,public,2023-06-17T17:43:40+0000,1c05ee0d7ee00f76c74ddfc17aebdfbd75aa733b
seatunnel-1c10aacb30722ab5c6a11d173c12ef3f15b5ebfa,seatunnel-1c10aacb30722ab5c6a11d173c12ef3f15b5ebfa,TRK,public,2023-06-17T14:46:23+0000,1c10aacb30722ab5c6a11d173c12ef3f15b5ebfa
seatunnel-1c68c6d6e4c95faf311e907aaa8b8f9881e703a7,seatunnel-1c68c6d6e4c95faf311e907aaa8b8f9881e703a7,TRK,public,2023-06-17T20:13:28+0000,1c68c6d6e4c95faf311e907aaa8b8f9881e703a7
seatunnel-1c6b7215fbb6282f23fab154e1f7d1d9b9f828c4,seatunnel-1c6b7215fbb6282f23fab154e1f7d1d9b9f828c4,TRK,public,2023-06-18T00:38:05+0000,1c6b7215fbb6282f23fab154e1f7d1d9b9f828c4
seatunnel-1c8bce621de1cafc038281d2acd265024a2993fd,seatunnel-1c8bce621de1cafc038281d2acd265024a2993fd,TRK,public,2023-06-17T13:43:21+0000,1c8bce621de1cafc038281d2acd265024a2993fd
seatunnel-1cac7887638355aa501625c81483b098a7650639,seatunnel-1cac7887638355aa501625c81483b098a7650639,TRK,public,2023-06-17T21:27:49+0000,1cac7887638355aa501625c81483b098a7650639
seatunnel-1d0b1bc11993f2ed3691d6a60b92d862b015a433,seatunnel-1d0b1bc11993f2ed3691d6a60b92d862b015a433,TRK,public,2023-06-18T03:10:29+0000,1d0b1bc11993f2ed3691d6a60b92d862b015a433
seatunnel-1d16984885862b46bef4a724ccd5baf9d48389d7,seatunnel-1d16984885862b46bef4a724ccd5baf9d48389d7,TRK,public,2023-06-18T04:23:36+0000,1d16984885862b46bef4a724ccd5baf9d48389d7
seatunnel-1d445dca906aaa20a01757bb0179ff8f362a975b,seatunnel-1d445dca906aaa20a01757bb0179ff8f362a975b,TRK,public,2023-06-18T01:23:16+0000,1d445dca906aaa20a01757bb0179ff8f362a975b
seatunnel-1d57c1a92437161f4bcb6276e522d1875591d51b,seatunnel-1d57c1a92437161f4bcb6276e522d1875591d51b,TRK,public,2023-06-17T11:06:15+0000,1d57c1a92437161f4bcb6276e522d1875591d51b
seatunnel-1d6d3815ecc43449421c4ea4b88ba6160256291b,seatunnel-1d6d3815ecc43449421c4ea4b88ba6160256291b,TRK,public,2023-06-17T03:30:31+0000,1d6d3815ecc43449421c4ea4b88ba6160256291b
seatunnel-1d70ea30847abd36c22f602e70c95fae2c4f7ab0,seatunnel-1d70ea30847abd36c22f602e70c95fae2c4f7ab0,TRK,public,2023-06-17T19:29:04+0000,1d70ea30847abd36c22f602e70c95fae2c4f7ab0
seatunnel-1d8b5a0600d4c9ee4994ed706d0ee66e714ebef3,seatunnel-1d8b5a0600d4c9ee4994ed706d0ee66e714ebef3,TRK,public,2023-06-18T03:10:50+0000,1d8b5a0600d4c9ee4994ed706d0ee66e714ebef3
seatunnel-1e868ecf28abb5f1dbe5b6758e6aac5fd742e66e,seatunnel-1e868ecf28abb5f1dbe5b6758e6aac5fd742e66e,TRK,public,2023-06-17T12:31:21+0000,1e868ecf28abb5f1dbe5b6758e6aac5fd742e66e
seatunnel-1e912f2d8c24c9e6f12361a2e5f385cfa0c534be,seatunnel-1e912f2d8c24c9e6f12361a2e5f385cfa0c534be,TRK,public,2023-06-17T06:35:34+0000,1e912f2d8c24c9e6f12361a2e5f385cfa0c534be
seatunnel-1ea198fba5830f254d24e4864f60ebce81079d8d,seatunnel-1ea198fba5830f254d24e4864f60ebce81079d8d,TRK,public,2023-06-17T10:04:53+0000,1ea198fba5830f254d24e4864f60ebce81079d8d
seatunnel-1ebc6742630ff105e874b044df59b755efe57fad,seatunnel-1ebc6742630ff105e874b044df59b755efe57fad,TRK,public,2023-06-17T06:52:01+0000,1ebc6742630ff105e874b044df59b755efe57fad
seatunnel-1ece805ab1fce3ec8e8c9d3ddc5311ab62ac8873,seatunnel-1ece805ab1fce3ec8e8c9d3ddc5311ab62ac8873,TRK,public,2023-06-17T18:13:36+0000,1ece805ab1fce3ec8e8c9d3ddc5311ab62ac8873
seatunnel-1f5521098670ca3eb834c8b4dd7fe7092f12a00b,seatunnel-1f5521098670ca3eb834c8b4dd7fe7092f12a00b,TRK,public,2023-06-17T15:08:39+0000,1f5521098670ca3eb834c8b4dd7fe7092f12a00b
seatunnel-1f6474b9c8caacbc8a03d6ef6e1e26203ff8c4a2,seatunnel-1f6474b9c8caacbc8a03d6ef6e1e26203ff8c4a2,TRK,public,2023-06-18T03:11:10+0000,1f6474b9c8caacbc8a03d6ef6e1e26203ff8c4a2
seatunnel-1faf2ef44d8fce30379749e9de779c797fac6112,seatunnel-1faf2ef44d8fce30379749e9de779c797fac6112,TRK,public,2023-06-18T04:03:17+0000,1faf2ef44d8fce30379749e9de779c797fac6112
seatunnel-1ffa17450685c106dc37315049ad74ab77e1c7b6,seatunnel-1ffa17450685c106dc37315049ad74ab77e1c7b6,TRK,public,2023-06-17T08:49:18+0000,1ffa17450685c106dc37315049ad74ab77e1c7b6
seatunnel-20077eb046de9b1bd2080dcc5058a1c8cd84e3eb,seatunnel-20077eb046de9b1bd2080dcc5058a1c8cd84e3eb,TRK,public,2023-06-17T23:03:08+0000,20077eb046de9b1bd2080dcc5058a1c8cd84e3eb
seatunnel-200faa7c2979d6b13893f258ae450e6681e7ef09,seatunnel-200faa7c2979d6b13893f258ae450e6681e7ef09,TRK,public,2023-06-17T14:32:47+0000,200faa7c2979d6b13893f258ae450e6681e7ef09
seatunnel-20413fac59738da29884f7cf277bed1c568ee5fe,seatunnel-20413fac59738da29884f7cf277bed1c568ee5fe,TRK,public,2023-06-17T09:46:58+0000,20413fac59738da29884f7cf277bed1c568ee5fe
seatunnel-2050bf57f61e7ffe5913b4701ac288506ae651e5,seatunnel-2050bf57f61e7ffe5913b4701ac288506ae651e5,TRK,public,2023-06-17T04:09:37+0000,2050bf57f61e7ffe5913b4701ac288506ae651e5
seatunnel-205f782585ebefa0707b8359318ccc943b6f2dec,seatunnel-205f782585ebefa0707b8359318ccc943b6f2dec,TRK,public,2023-06-17T12:52:44+0000,205f782585ebefa0707b8359318ccc943b6f2dec
seatunnel-206f4d02dc058bbb05fe8a739942a1fd185c5948,seatunnel-206f4d02dc058bbb05fe8a739942a1fd185c5948,TRK,public,2023-06-17T23:33:05+0000,206f4d02dc058bbb05fe8a739942a1fd185c5948
seatunnel-20d805775499550f2e334ffa9872736293184749,seatunnel-20d805775499550f2e334ffa9872736293184749,TRK,public,2023-06-18T04:22:51+0000,20d805775499550f2e334ffa9872736293184749
seatunnel-20e1255fabb2f5b0813fe0c73632de6e6fac2ec3,seatunnel-20e1255fabb2f5b0813fe0c73632de6e6fac2ec3,TRK,public,2023-06-17T09:25:33+0000,20e1255fabb2f5b0813fe0c73632de6e6fac2ec3
seatunnel-20ee2faecf9c162005fcba9e7b482f4618efebcb,seatunnel-20ee2faecf9c162005fcba9e7b482f4618efebcb,TRK,public,2023-06-17T02:55:13+0000,20ee2faecf9c162005fcba9e7b482f4618efebcb
seatunnel-210c58e2eb952cf947386bed18fb13a995795306,seatunnel-210c58e2eb952cf947386bed18fb13a995795306,TRK,public,2023-06-17T16:36:55+0000,210c58e2eb952cf947386bed18fb13a995795306
seatunnel-21137dc4edf4260068d400245ff268ac7128cbf6,seatunnel-21137dc4edf4260068d400245ff268ac7128cbf6,TRK,public,2023-06-17T17:32:38+0000,21137dc4edf4260068d400245ff268ac7128cbf6
seatunnel-211db4489deeedc6b6eac317565570cd999ee338,seatunnel-211db4489deeedc6b6eac317565570cd999ee338,TRK,public,2023-06-17T05:34:45+0000,211db4489deeedc6b6eac317565570cd999ee338
seatunnel-21349ad05cf7a0bf797c8b497310540c94bb11f6,seatunnel-21349ad05cf7a0bf797c8b497310540c94bb11f6,TRK,public,2023-06-17T21:33:52+0000,21349ad05cf7a0bf797c8b497310540c94bb11f6
seatunnel-219fea517c72484df9b9dfde5b63e072cd1a753b,seatunnel-219fea517c72484df9b9dfde5b63e072cd1a753b,TRK,public,2023-06-17T14:20:14+0000,219fea517c72484df9b9dfde5b63e072cd1a753b
seatunnel-21e159a85379fb1d7468cfee16aceacbfd3af0ae,seatunnel-21e159a85379fb1d7468cfee16aceacbfd3af0ae,TRK,public,2023-06-17T23:56:55+0000,21e159a85379fb1d7468cfee16aceacbfd3af0ae
seatunnel-21ef45fcca04b0244994d3a4e45a19cc08966603,seatunnel-21ef45fcca04b0244994d3a4e45a19cc08966603,TRK,public,2023-06-17T08:41:40+0000,21ef45fcca04b0244994d3a4e45a19cc08966603
seatunnel-220c0a61840c870e66891a8c78b3c0ed072c6e80,seatunnel-220c0a61840c870e66891a8c78b3c0ed072c6e80,TRK,public,2023-06-18T00:39:46+0000,220c0a61840c870e66891a8c78b3c0ed072c6e80
seatunnel-2238fda30029120cc7c9478a6029cfcca1080a43,seatunnel-2238fda30029120cc7c9478a6029cfcca1080a43,TRK,public,2023-06-17T11:49:36+0000,2238fda30029120cc7c9478a6029cfcca1080a43
seatunnel-224f9d81c54a9a3c5b39d38c90ad9fd224b68bad,seatunnel-224f9d81c54a9a3c5b39d38c90ad9fd224b68bad,TRK,public,2023-06-17T02:48:41+0000,224f9d81c54a9a3c5b39d38c90ad9fd224b68bad
seatunnel-226dc6a11982b8cd315ce2de0a8062cc93cb223b,seatunnel-226dc6a11982b8cd315ce2de0a8062cc93cb223b,TRK,public,2023-06-17T12:25:20+0000,226dc6a11982b8cd315ce2de0a8062cc93cb223b
seatunnel-228257b2e256a83e18d3d5a9f9c34720223d65f9,seatunnel-228257b2e256a83e18d3d5a9f9c34720223d65f9,TRK,public,2023-06-17T04:01:01+0000,228257b2e256a83e18d3d5a9f9c34720223d65f9
seatunnel-22c4242fbcfc78a34ee63ba2e8e1899ecf958506,seatunnel-22c4242fbcfc78a34ee63ba2e8e1899ecf958506,TRK,public,2023-06-18T01:16:44+0000,22c4242fbcfc78a34ee63ba2e8e1899ecf958506
seatunnel-22ca27025cfe1c3a9d9b4dddf1e88af1e3c971b5,seatunnel-22ca27025cfe1c3a9d9b4dddf1e88af1e3c971b5,TRK,public,2023-06-17T20:43:54+0000,22ca27025cfe1c3a9d9b4dddf1e88af1e3c971b5
seatunnel-2314446dbcca03bb1e5b8ea8d711a1ec2447a57b,seatunnel-2314446dbcca03bb1e5b8ea8d711a1ec2447a57b,TRK,public,2023-06-17T19:08:14+0000,2314446dbcca03bb1e5b8ea8d711a1ec2447a57b
seatunnel-233465d4e4fd7859d05cfd8e27029d440f6d136f,seatunnel-233465d4e4fd7859d05cfd8e27029d440f6d136f,TRK,public,2023-06-17T09:33:59+0000,233465d4e4fd7859d05cfd8e27029d440f6d136f
seatunnel-234638afbead777ff5ef2ec7f45172a67fce1ecb,seatunnel-234638afbead777ff5ef2ec7f45172a67fce1ecb,TRK,public,2023-06-17T10:58:41+0000,234638afbead777ff5ef2ec7f45172a67fce1ecb
seatunnel-23ad4ee735b68c097b2564269580c6c584044f62,seatunnel-23ad4ee735b68c097b2564269580c6c584044f62,TRK,public,2023-06-17T22:34:57+0000,23ad4ee735b68c097b2564269580c6c584044f62
seatunnel-23ed0fc3d6f4af0b91d7f0da2946b639c98093ad,seatunnel-23ed0fc3d6f4af0b91d7f0da2946b639c98093ad,TRK,public,2023-06-17T03:04:01+0000,23ed0fc3d6f4af0b91d7f0da2946b639c98093ad
seatunnel-23ed11f05964ea64d94acbc8c48806f649aa1d87,seatunnel-23ed11f05964ea64d94acbc8c48806f649aa1d87,TRK,public,2023-06-18T01:48:26+0000,23ed11f05964ea64d94acbc8c48806f649aa1d87
seatunnel-24247138e39be30ea47286954d96d72fc1fb69f4,seatunnel-24247138e39be30ea47286954d96d72fc1fb69f4,TRK,public,2023-06-18T01:09:23+0000,24247138e39be30ea47286954d96d72fc1fb69f4
seatunnel-2424cbfdf4d95f93f1b73b4d36f6f127216f3c33,seatunnel-2424cbfdf4d95f93f1b73b4d36f6f127216f3c33,TRK,public,2023-06-17T16:16:20+0000,2424cbfdf4d95f93f1b73b4d36f6f127216f3c33
seatunnel-243b6a6b23d4bee110b4e825db28d7782b3e3bb1,seatunnel-243b6a6b23d4bee110b4e825db28d7782b3e3bb1,TRK,public,2023-06-17T09:53:21+0000,243b6a6b23d4bee110b4e825db28d7782b3e3bb1
seatunnel-2455218a1433deaa8b0798d5a6c07bf1a881ba41,seatunnel-2455218a1433deaa8b0798d5a6c07bf1a881ba41,TRK,public,2023-06-18T03:55:32+0000,2455218a1433deaa8b0798d5a6c07bf1a881ba41
seatunnel-246c648113fc8428fda8a950d0a135f2397ad7d3,seatunnel-246c648113fc8428fda8a950d0a135f2397ad7d3,TRK,public,2023-06-17T21:17:23+0000,246c648113fc8428fda8a950d0a135f2397ad7d3
seatunnel-24b4d624efa8eeced889add1fc355f59a0f90022,seatunnel-24b4d624efa8eeced889add1fc355f59a0f90022,TRK,public,2023-06-17T23:07:45+0000,24b4d624efa8eeced889add1fc355f59a0f90022
seatunnel-24cddf857081bc4b522a2576559f0d3b15a49941,seatunnel-24cddf857081bc4b522a2576559f0d3b15a49941,TRK,public,2023-06-17T14:23:47+0000,24cddf857081bc4b522a2576559f0d3b15a49941
seatunnel-24e1494e0086ba0781bdf7ee63a1e81dda33a119,seatunnel-24e1494e0086ba0781bdf7ee63a1e81dda33a119,TRK,public,2023-06-17T08:34:59+0000,24e1494e0086ba0781bdf7ee63a1e81dda33a119
seatunnel-250737231184f27d14298301ad4dd5f93418973c,seatunnel-250737231184f27d14298301ad4dd5f93418973c,TRK,public,2023-06-17T13:24:17+0000,250737231184f27d14298301ad4dd5f93418973c
seatunnel-253ea391dd723b03a60c3b8007444ac4b0324296,seatunnel-253ea391dd723b03a60c3b8007444ac4b0324296,TRK,public,2023-06-17T17:20:06+0000,253ea391dd723b03a60c3b8007444ac4b0324296
seatunnel-254223fdb92dd83d72ea6439457068ca38cb3d6d,seatunnel-254223fdb92dd83d72ea6439457068ca38cb3d6d,TRK,public,2023-06-17T18:18:52+0000,254223fdb92dd83d72ea6439457068ca38cb3d6d
seatunnel-255533d42433c9558d8ee9cb379a215ab341e52b,seatunnel-255533d42433c9558d8ee9cb379a215ab341e52b,TRK,public,2023-06-17T18:12:52+0000,255533d42433c9558d8ee9cb379a215ab341e52b
seatunnel-2586f305b44590d7ebce13db0e47e471329cbecd,seatunnel-2586f305b44590d7ebce13db0e47e471329cbecd,TRK,public,2023-06-17T14:16:41+0000,2586f305b44590d7ebce13db0e47e471329cbecd
seatunnel-258b85e1242968616364a9e2f7d8045e56a8b0a1,seatunnel-258b85e1242968616364a9e2f7d8045e56a8b0a1,TRK,public,2023-06-17T21:39:17+0000,258b85e1242968616364a9e2f7d8045e56a8b0a1
seatunnel-25d61c13d32268b5bd0c444cc8b4782ddb7e90d4,seatunnel-25d61c13d32268b5bd0c444cc8b4782ddb7e90d4,TRK,public,2023-06-17T09:16:20+0000,25d61c13d32268b5bd0c444cc8b4782ddb7e90d4
seatunnel-2616e6d83809c86c81cc399ccbb63ce89f72653b,seatunnel-2616e6d83809c86c81cc399ccbb63ce89f72653b,TRK,public,2023-06-17T08:09:32+0000,2616e6d83809c86c81cc399ccbb63ce89f72653b
seatunnel-263239def641690246aa71bdbeb383bd796d1950,seatunnel-263239def641690246aa71bdbeb383bd796d1950,TRK,public,2023-06-17T22:04:08+0000,263239def641690246aa71bdbeb383bd796d1950
seatunnel-26b0d3aa6f9741f670ef4fd2c695523a7d2a117e,seatunnel-26b0d3aa6f9741f670ef4fd2c695523a7d2a117e,TRK,public,2023-06-17T14:12:04+0000,26b0d3aa6f9741f670ef4fd2c695523a7d2a117e
seatunnel-26d49c93eb45d182570814a934aa50d8480ee45e,seatunnel-26d49c93eb45d182570814a934aa50d8480ee45e,TRK,public,2023-06-18T02:33:02+0000,26d49c93eb45d182570814a934aa50d8480ee45e
seatunnel-26f2437c358d252372255f057f829a2ffe2577e1,seatunnel-26f2437c358d252372255f057f829a2ffe2577e1,TRK,public,2023-06-17T16:02:32+0000,26f2437c358d252372255f057f829a2ffe2577e1
seatunnel-272d9d17e44b932c65f8fb0a1f985395fc8f10a7,seatunnel-272d9d17e44b932c65f8fb0a1f985395fc8f10a7,TRK,public,2023-06-17T15:07:47+0000,272d9d17e44b932c65f8fb0a1f985395fc8f10a7
seatunnel-273121d5a1f066a9e0d70e529f4ee5c0c6cf93b9,seatunnel-273121d5a1f066a9e0d70e529f4ee5c0c6cf93b9,TRK,public,2023-06-17T23:45:05+0000,273121d5a1f066a9e0d70e529f4ee5c0c6cf93b9
seatunnel-273418ddc9ae38ec107250f5f16ae0febfa7ed37,seatunnel-273418ddc9ae38ec107250f5f16ae0febfa7ed37,TRK,public,2023-06-17T12:37:12+0000,273418ddc9ae38ec107250f5f16ae0febfa7ed37
seatunnel-2734557fb5a14824a6289149e96da7dc8082f1e3,seatunnel-2734557fb5a14824a6289149e96da7dc8082f1e3,TRK,public,2023-06-17T08:30:09+0000,2734557fb5a14824a6289149e96da7dc8082f1e3
seatunnel-2760cae73c3c45945378e93abcb703873a6453d9,seatunnel-2760cae73c3c45945378e93abcb703873a6453d9,TRK,public,2023-06-17T03:45:01+0000,2760cae73c3c45945378e93abcb703873a6453d9
seatunnel-2786a5881d72828b2c8c32ebbc997209284582ee,seatunnel-2786a5881d72828b2c8c32ebbc997209284582ee,TRK,public,2023-06-17T23:54:51+0000,2786a5881d72828b2c8c32ebbc997209284582ee
seatunnel-27ad1d46eb0c5b418573247ba0ba173b678b8199,seatunnel-27ad1d46eb0c5b418573247ba0ba173b678b8199,TRK,public,2023-06-17T15:51:22+0000,27ad1d46eb0c5b418573247ba0ba173b678b8199
seatunnel-27c1bb802573672c949a19dfc6374a880dea9346,seatunnel-27c1bb802573672c949a19dfc6374a880dea9346,TRK,public,2023-06-18T04:13:34+0000,27c1bb802573672c949a19dfc6374a880dea9346
seatunnel-28525164905497b08c3551d56a5fdc6b7c4f31ec,seatunnel-28525164905497b08c3551d56a5fdc6b7c4f31ec,TRK,public,2023-06-17T16:39:27+0000,28525164905497b08c3551d56a5fdc6b7c4f31ec
seatunnel-286cd2f1e6de2bd6b57f3cef3f27a41ea5c231ba,seatunnel-286cd2f1e6de2bd6b57f3cef3f27a41ea5c231ba,TRK,public,2023-06-18T02:51:48+0000,286cd2f1e6de2bd6b57f3cef3f27a41ea5c231ba
seatunnel-28868797b704633313beff0ff379cb6a3ba626a9,seatunnel-28868797b704633313beff0ff379cb6a3ba626a9,TRK,public,2023-06-17T13:37:58+0000,28868797b704633313beff0ff379cb6a3ba626a9
seatunnel-28beb53195f4b9745ede72f62a1d4edd93622963,seatunnel-28beb53195f4b9745ede72f62a1d4edd93622963,TRK,public,2023-06-18T01:37:21+0000,28beb53195f4b9745ede72f62a1d4edd93622963
seatunnel-28c87ce9911a7fc8d0fc50ff94d8351824056335,seatunnel-28c87ce9911a7fc8d0fc50ff94d8351824056335,TRK,public,2023-06-18T04:29:28+0000,28c87ce9911a7fc8d0fc50ff94d8351824056335
seatunnel-28e987539b9d38def39a061c5e229bd105e6ade1,seatunnel-28e987539b9d38def39a061c5e229bd105e6ade1,TRK,public,2023-06-18T02:12:46+0000,28e987539b9d38def39a061c5e229bd105e6ade1
seatunnel-28f23149fc2ab71afe18d5b20757e0533ed45f74,seatunnel-28f23149fc2ab71afe18d5b20757e0533ed45f74,TRK,public,2023-06-17T04:31:05+0000,28f23149fc2ab71afe18d5b20757e0533ed45f74
seatunnel-28fb446ddb41e269836419f26ef05980c9ec960a,seatunnel-28fb446ddb41e269836419f26ef05980c9ec960a,TRK,public,2023-06-17T20:25:37+0000,28fb446ddb41e269836419f26ef05980c9ec960a
seatunnel-290c4a4ba8de287679d9672dcfacfb4aa0af08f8,seatunnel-290c4a4ba8de287679d9672dcfacfb4aa0af08f8,TRK,public,2023-06-17T09:34:53+0000,290c4a4ba8de287679d9672dcfacfb4aa0af08f8
seatunnel-29182ec1579c2e9014b227aa03d817947f2156d2,seatunnel-29182ec1579c2e9014b227aa03d817947f2156d2,TRK,public,2023-06-17T17:45:19+0000,29182ec1579c2e9014b227aa03d817947f2156d2
seatunnel-292a75aa702a60a7652c18badd7565d2a9dccf4e,seatunnel-292a75aa702a60a7652c18badd7565d2a9dccf4e,TRK,public,2023-06-17T18:25:59+0000,292a75aa702a60a7652c18badd7565d2a9dccf4e
seatunnel-294cf67491aab7d231620d521911816c304304c5,seatunnel-294cf67491aab7d231620d521911816c304304c5,TRK,public,2023-06-17T06:04:11+0000,294cf67491aab7d231620d521911816c304304c5
seatunnel-295d08b4f69e6dbf255bf7058c6e26603c7b55f1,seatunnel-295d08b4f69e6dbf255bf7058c6e26603c7b55f1,TRK,public,2023-06-17T23:49:46+0000,295d08b4f69e6dbf255bf7058c6e26603c7b55f1
seatunnel-296c2a515c37123d0156bfe2490ab070531b8c54,seatunnel-296c2a515c37123d0156bfe2490ab070531b8c54,TRK,public,2023-06-18T02:37:12+0000,296c2a515c37123d0156bfe2490ab070531b8c54
seatunnel-296de1338e43b08aa0fdcec1caf2acb6fc9e1f52,seatunnel-296de1338e43b08aa0fdcec1caf2acb6fc9e1f52,TRK,public,2023-06-17T16:19:58+0000,296de1338e43b08aa0fdcec1caf2acb6fc9e1f52
seatunnel-297345cb22e8d80e68a92042f058a6ce6d882e39,seatunnel-297345cb22e8d80e68a92042f058a6ce6d882e39,TRK,public,2023-06-18T03:16:14+0000,297345cb22e8d80e68a92042f058a6ce6d882e39
seatunnel-298a45deab6f66104669d800290050dd3f2a2d7b,seatunnel-298a45deab6f66104669d800290050dd3f2a2d7b,TRK,public,2023-06-17T05:29:28+0000,298a45deab6f66104669d800290050dd3f2a2d7b
seatunnel-298f2bb1beddcce559ff7ea207dec31d55c83906,seatunnel-298f2bb1beddcce559ff7ea207dec31d55c83906,TRK,public,2023-06-17T03:00:42+0000,298f2bb1beddcce559ff7ea207dec31d55c83906
seatunnel-29b04e24058acd76b32873e7fd18a42af8e3e44b,seatunnel-29b04e24058acd76b32873e7fd18a42af8e3e44b,TRK,public,2023-06-17T09:35:51+0000,29b04e24058acd76b32873e7fd18a42af8e3e44b
seatunnel-29f824608946c59b5d395d7f8e2291d3f189124f,seatunnel-29f824608946c59b5d395d7f8e2291d3f189124f,TRK,public,2023-06-17T09:43:10+0000,29f824608946c59b5d395d7f8e2291d3f189124f
seatunnel-2a18326ac9e92283b79610d2e68483aea114d54a,seatunnel-2a18326ac9e92283b79610d2e68483aea114d54a,TRK,public,2023-06-17T10:03:59+0000,2a18326ac9e92283b79610d2e68483aea114d54a
seatunnel-2a1fd5027f0eea2c929d257f5a150bb83cb6df63,seatunnel-2a1fd5027f0eea2c929d257f5a150bb83cb6df63,TRK,public,2023-06-17T21:35:12+0000,2a1fd5027f0eea2c929d257f5a150bb83cb6df63
seatunnel-2a42f3b718dd8ef16e98aa3cd068a9abbd0e3f7d,seatunnel-2a42f3b718dd8ef16e98aa3cd068a9abbd0e3f7d,TRK,public,2023-06-18T03:05:42+0000,2a42f3b718dd8ef16e98aa3cd068a9abbd0e3f7d
seatunnel-2a69fdd41f7837f34164317ae6f049079085d155,seatunnel-2a69fdd41f7837f34164317ae6f049079085d155,TRK,public,2023-06-17T07:26:50+0000,2a69fdd41f7837f34164317ae6f049079085d155
seatunnel-2af310ac8db1ac73bf9c0b8e6d71449306a2e3c2,seatunnel-2af310ac8db1ac73bf9c0b8e6d71449306a2e3c2,TRK,public,2023-06-17T18:44:07+0000,2af310ac8db1ac73bf9c0b8e6d71449306a2e3c2
seatunnel-2b44992750ec6a751ccec0f8d3d76731f144c9d7,seatunnel-2b44992750ec6a751ccec0f8d3d76731f144c9d7,TRK,public,2023-06-17T16:12:57+0000,2b44992750ec6a751ccec0f8d3d76731f144c9d7
seatunnel-2b560b705d900632f8bc2a0279feee38bfa26e82,seatunnel-2b560b705d900632f8bc2a0279feee38bfa26e82,TRK,public,2023-06-18T01:26:56+0000,2b560b705d900632f8bc2a0279feee38bfa26e82
seatunnel-2b650981b15680e89eaff027038ff08822cb7b75,seatunnel-2b650981b15680e89eaff027038ff08822cb7b75,TRK,public,2023-06-18T00:09:39+0000,2b650981b15680e89eaff027038ff08822cb7b75
seatunnel-2b6c5c477a31901327a158edb0e0b35585df2387,seatunnel-2b6c5c477a31901327a158edb0e0b35585df2387,TRK,public,2023-06-18T01:50:31+0000,2b6c5c477a31901327a158edb0e0b35585df2387
seatunnel-2b849966de47638803b176941ca1030b86743367,seatunnel-2b849966de47638803b176941ca1030b86743367,TRK,public,2023-06-18T01:30:16+0000,2b849966de47638803b176941ca1030b86743367
seatunnel-2bad99d35badf51ae182611d4eb37a519fb16ee7,seatunnel-2bad99d35badf51ae182611d4eb37a519fb16ee7,TRK,public,2023-06-17T22:51:02+0000,2bad99d35badf51ae182611d4eb37a519fb16ee7
seatunnel-2bbb3ebe680cb41d5f49c3d201fea1e64124cd04,seatunnel-2bbb3ebe680cb41d5f49c3d201fea1e64124cd04,TRK,public,2023-06-17T20:19:18+0000,2bbb3ebe680cb41d5f49c3d201fea1e64124cd04
seatunnel-2c13651e70ae15b5d0204bc1f6e662cec2f5d6d2,seatunnel-2c13651e70ae15b5d0204bc1f6e662cec2f5d6d2,TRK,public,2023-06-18T03:06:49+0000,2c13651e70ae15b5d0204bc1f6e662cec2f5d6d2
seatunnel-2c86a99c1ae2d0c238cffaa7ab5c2c59393cee66,seatunnel-2c86a99c1ae2d0c238cffaa7ab5c2c59393cee66,TRK,public,2023-06-17T06:31:28+0000,2c86a99c1ae2d0c238cffaa7ab5c2c59393cee66
seatunnel-2ca38ac40b9a15c9f9ea7fb1734554413a3f468e,seatunnel-2ca38ac40b9a15c9f9ea7fb1734554413a3f468e,TRK,public,2023-06-17T23:46:47+0000,2ca38ac40b9a15c9f9ea7fb1734554413a3f468e
seatunnel-2ca7426d22c43267363c88d70291dcee844cc0c9,seatunnel-2ca7426d22c43267363c88d70291dcee844cc0c9,TRK,public,2023-06-17T03:18:24+0000,2ca7426d22c43267363c88d70291dcee844cc0c9
seatunnel-2cc48935d5c865bc482e68481e91cf3003417f8f,seatunnel-2cc48935d5c865bc482e68481e91cf3003417f8f,TRK,public,2023-06-17T06:10:28+0000,2cc48935d5c865bc482e68481e91cf3003417f8f
seatunnel-2d1933195d39271134bff04bd68e5723ba627745,seatunnel-2d1933195d39271134bff04bd68e5723ba627745,TRK,public,2023-06-17T04:14:59+0000,2d1933195d39271134bff04bd68e5723ba627745
seatunnel-2d2218f699220507cd347677fe285caac3c7dd02,seatunnel-2d2218f699220507cd347677fe285caac3c7dd02,TRK,public,2023-06-18T04:26:18+0000,2d2218f699220507cd347677fe285caac3c7dd02
seatunnel-2d4d085981826fb0ca79e141256d9784d80e8fcd,seatunnel-2d4d085981826fb0ca79e141256d9784d80e8fcd,TRK,public,2023-06-17T16:15:29+0000,2d4d085981826fb0ca79e141256d9784d80e8fcd
seatunnel-2d4e9e59239c46db832699918d3d69453b89342a,seatunnel-2d4e9e59239c46db832699918d3d69453b89342a,TRK,public,2023-06-18T02:29:35+0000,2d4e9e59239c46db832699918d3d69453b89342a
seatunnel-2dbb56b505288b0e70e73a6c8e2a4467a86e4baf,seatunnel-2dbb56b505288b0e70e73a6c8e2a4467a86e4baf,TRK,public,2023-06-17T21:29:08+0000,2dbb56b505288b0e70e73a6c8e2a4467a86e4baf
seatunnel-2dd3476730f1e44251833a4b397b0eaccd979d43,seatunnel-2dd3476730f1e44251833a4b397b0eaccd979d43,TRK,public,2023-06-17T22:23:12+0000,2dd3476730f1e44251833a4b397b0eaccd979d43
seatunnel-2e16161865a8374b7b5a3257539b848480af969d,seatunnel-2e16161865a8374b7b5a3257539b848480af969d,TRK,public,2023-06-17T17:42:49+0000,2e16161865a8374b7b5a3257539b848480af969d
seatunnel-2e34311bd97447b3c0024c3bd4040f80050fb428,seatunnel-2e34311bd97447b3c0024c3bd4040f80050fb428,TRK,public,2023-06-18T01:31:56+0000,2e34311bd97447b3c0024c3bd4040f80050fb428
seatunnel-2e3ec3d171173939e012b04dc3fae25d0d505b74,seatunnel-2e3ec3d171173939e012b04dc3fae25d0d505b74,TRK,public,2023-06-18T02:48:45+0000,2e3ec3d171173939e012b04dc3fae25d0d505b74
seatunnel-2e5ac31fbeb5a8f9752fc45012c12ea77f23104e,seatunnel-2e5ac31fbeb5a8f9752fc45012c12ea77f23104e,TRK,public,2023-06-18T03:51:14+0000,2e5ac31fbeb5a8f9752fc45012c12ea77f23104e
seatunnel-2e8b28d1525ad7a50371409bb0701937ab4fe625,seatunnel-2e8b28d1525ad7a50371409bb0701937ab4fe625,TRK,public,2023-06-17T04:16:03+0000,2e8b28d1525ad7a50371409bb0701937ab4fe625
seatunnel-2e9a1bdb12094edf3a39a960fb785138ac5b2f17,seatunnel-2e9a1bdb12094edf3a39a960fb785138ac5b2f17,TRK,public,2023-06-17T02:49:47+0000,2e9a1bdb12094edf3a39a960fb785138ac5b2f17
seatunnel-2eabe6d6f53848b4560ca04f668bea0b9e44d589,seatunnel-2eabe6d6f53848b4560ca04f668bea0b9e44d589,TRK,public,2023-06-18T02:16:36+0000,2eabe6d6f53848b4560ca04f668bea0b9e44d589
seatunnel-2f61d8e6f259eaeeb2cc5c9974d9773c2a87ddb8,seatunnel-2f61d8e6f259eaeeb2cc5c9974d9773c2a87ddb8,TRK,public,2023-06-17T17:05:38+0000,2f61d8e6f259eaeeb2cc5c9974d9773c2a87ddb8
seatunnel-2f7b9fa327c5aff5848392aed8dba74e744c65cb,seatunnel-2f7b9fa327c5aff5848392aed8dba74e744c65cb,TRK,public,2023-06-18T03:21:08+0000,2f7b9fa327c5aff5848392aed8dba74e744c65cb
seatunnel-2f86310443a610ba9ce989927fbdf233f3cb3f55,seatunnel-2f86310443a610ba9ce989927fbdf233f3cb3f55,TRK,public,2023-06-18T04:23:53+0000,2f86310443a610ba9ce989927fbdf233f3cb3f55
seatunnel-2f9c2630b0433dc458e6dceffde49e0caefcfbd3,seatunnel-2f9c2630b0433dc458e6dceffde49e0caefcfbd3,TRK,public,2023-06-17T20:12:05+0000,2f9c2630b0433dc458e6dceffde49e0caefcfbd3
seatunnel-2fb1797b7c231e0010f73f9eba06d636e0303e82,seatunnel-2fb1797b7c231e0010f73f9eba06d636e0303e82,TRK,public,2023-06-18T00:11:20+0000,2fb1797b7c231e0010f73f9eba06d636e0303e82
seatunnel-2fcbbf464a1fdf8fdf9b4c85dd8c0596d6ce881d,seatunnel-2fcbbf464a1fdf8fdf9b4c85dd8c0596d6ce881d,TRK,public,2023-06-17T18:40:15+0000,2fcbbf464a1fdf8fdf9b4c85dd8c0596d6ce881d
seatunnel-2fd83bb86433814a202083303f6329037f7fe64c,seatunnel-2fd83bb86433814a202083303f6329037f7fe64c,TRK,public,2023-06-17T05:02:59+0000,2fd83bb86433814a202083303f6329037f7fe64c
seatunnel-2ff61311d2d04e43243399e1409c5c061b884b03,seatunnel-2ff61311d2d04e43243399e1409c5c061b884b03,TRK,public,2023-06-18T01:57:17+0000,2ff61311d2d04e43243399e1409c5c061b884b03
seatunnel-2fff69b4a65292c822ab0f1edbb104d971a213ca,seatunnel-2fff69b4a65292c822ab0f1edbb104d971a213ca,TRK,public,2023-06-18T03:48:27+0000,2fff69b4a65292c822ab0f1edbb104d971a213ca
seatunnel-3017ea54011b5f5201bb9392e4f965483ccb537c,seatunnel-3017ea54011b5f5201bb9392e4f965483ccb537c,TRK,public,2023-06-17T09:17:16+0000,3017ea54011b5f5201bb9392e4f965483ccb537c
seatunnel-3057ba205f1fa4807eee6b2fcbdc675a1cdd50d5,seatunnel-3057ba205f1fa4807eee6b2fcbdc675a1cdd50d5,TRK,public,2023-06-17T23:05:09+0000,3057ba205f1fa4807eee6b2fcbdc675a1cdd50d5
seatunnel-305ec511da05ba519fe4b04b46f7898b650b06c5,seatunnel-305ec511da05ba519fe4b04b46f7898b650b06c5,TRK,public,2023-06-18T04:32:56+0000,305ec511da05ba519fe4b04b46f7898b650b06c5
seatunnel-309a0622e92e5c8c97ad30160ec18f64c7ac216b,seatunnel-309a0622e92e5c8c97ad30160ec18f64c7ac216b,TRK,public,2023-06-17T14:59:47+0000,309a0622e92e5c8c97ad30160ec18f64c7ac216b
seatunnel-30a00e925493badc9b5d48fae66ffa64b94974e3,seatunnel-30a00e925493badc9b5d48fae66ffa64b94974e3,TRK,public,2023-06-18T02:46:29+0000,30a00e925493badc9b5d48fae66ffa64b94974e3
seatunnel-30af654aef3ab6bc56bbbce785258e869db9837a,seatunnel-30af654aef3ab6bc56bbbce785258e869db9837a,TRK,public,2023-06-17T12:33:01+0000,30af654aef3ab6bc56bbbce785258e869db9837a
seatunnel-30b3e588376279f5015fda2a286edeb5401f20b8,seatunnel-30b3e588376279f5015fda2a286edeb5401f20b8,TRK,public,2023-06-17T14:19:20+0000,30b3e588376279f5015fda2a286edeb5401f20b8
seatunnel-30d1507ea50dc913b8ae53f0650e5aa8cb2efbef,seatunnel-30d1507ea50dc913b8ae53f0650e5aa8cb2efbef,TRK,public,2023-06-17T03:01:48+0000,30d1507ea50dc913b8ae53f0650e5aa8cb2efbef
seatunnel-31248401079b9c8e623642a9c001ded04c9202ae,seatunnel-31248401079b9c8e623642a9c001ded04c9202ae,TRK,public,2023-06-17T20:59:15+0000,31248401079b9c8e623642a9c001ded04c9202ae
seatunnel-313b3d67d0c66e1e6048867fbfe37b80e8c1c790,seatunnel-313b3d67d0c66e1e6048867fbfe37b80e8c1c790,TRK,public,2023-06-18T00:33:55+0000,313b3d67d0c66e1e6048867fbfe37b80e8c1c790
seatunnel-3144f4203db896a50582251f27c5cf7b62e96741,seatunnel-3144f4203db896a50582251f27c5cf7b62e96741,TRK,public,2023-06-17T10:49:35+0000,3144f4203db896a50582251f27c5cf7b62e96741
seatunnel-3145c688a649f1ed0f5d03a118de8fa4a27071aa,seatunnel-3145c688a649f1ed0f5d03a118de8fa4a27071aa,TRK,public,2023-06-18T01:19:44+0000,3145c688a649f1ed0f5d03a118de8fa4a27071aa
seatunnel-3173636ded925c33df7541555227ccdeffe10696,seatunnel-3173636ded925c33df7541555227ccdeffe10696,TRK,public,2023-06-17T21:39:58+0000,3173636ded925c33df7541555227ccdeffe10696
seatunnel-31b0b2c488687ac1ca34406945b09cbcc8c1672a,seatunnel-31b0b2c488687ac1ca34406945b09cbcc8c1672a,TRK,public,2023-06-18T01:56:30+0000,31b0b2c488687ac1ca34406945b09cbcc8c1672a
seatunnel-31d43f322b6aacdc49ebe9ec29b38174588c1a61,seatunnel-31d43f322b6aacdc49ebe9ec29b38174588c1a61,TRK,public,2023-06-17T22:09:45+0000,31d43f322b6aacdc49ebe9ec29b38174588c1a61
seatunnel-31e0a73186d2b053101f404b20b48695d4dbd159,seatunnel-31e0a73186d2b053101f404b20b48695d4dbd159,TRK,public,2023-06-17T22:24:28+0000,31e0a73186d2b053101f404b20b48695d4dbd159
seatunnel-31f12431d917fef76794db802f388bb7246a759d,seatunnel-31f12431d917fef76794db802f388bb7246a759d,TRK,public,2023-06-17T09:38:36+0000,31f12431d917fef76794db802f388bb7246a759d
seatunnel-3227e1e0894e1c57b1adf071e5a573bc3c2371aa,seatunnel-3227e1e0894e1c57b1adf071e5a573bc3c2371aa,TRK,public,2023-06-18T02:10:52+0000,3227e1e0894e1c57b1adf071e5a573bc3c2371aa
seatunnel-3253509504c57772eff96fc55fc8ffe1b2cecf28,seatunnel-3253509504c57772eff96fc55fc8ffe1b2cecf28,TRK,public,2023-06-18T04:04:09+0000,3253509504c57772eff96fc55fc8ffe1b2cecf28
seatunnel-328b145d96a1157f877efcd2416c9dd94a6ea7fc,seatunnel-328b145d96a1157f877efcd2416c9dd94a6ea7fc,TRK,public,2023-06-17T15:16:24+0000,328b145d96a1157f877efcd2416c9dd94a6ea7fc
seatunnel-329c432186f9dddc8df89781c666ef719398af8f,seatunnel-329c432186f9dddc8df89781c666ef719398af8f,TRK,public,2023-06-17T04:55:33+0000,329c432186f9dddc8df89781c666ef719398af8f
seatunnel-32c1c81b2d84de82946a0443847cab9507ff6e21,seatunnel-32c1c81b2d84de82946a0443847cab9507ff6e21,TRK,public,2023-06-17T18:37:02+0000,32c1c81b2d84de82946a0443847cab9507ff6e21
seatunnel-32c32ef238fd9c365f78bfa94a396423fc291ed0,seatunnel-32c32ef238fd9c365f78bfa94a396423fc291ed0,TRK,public,2023-06-17T19:50:14+0000,32c32ef238fd9c365f78bfa94a396423fc291ed0
seatunnel-32e1f91c7a315e1d2718bf2380e841bcbeef4ba4,seatunnel-32e1f91c7a315e1d2718bf2380e841bcbeef4ba4,TRK,public,2023-06-17T09:02:04+0000,32e1f91c7a315e1d2718bf2380e841bcbeef4ba4
seatunnel-3301f87445c1ffb11174aa3fb6b5298f712e48b0,seatunnel-3301f87445c1ffb11174aa3fb6b5298f712e48b0,TRK,public,2023-06-18T04:19:34+0000,3301f87445c1ffb11174aa3fb6b5298f712e48b0
seatunnel-33054c99017c32fef8022d0c8fa5c767b6a3e8dd,seatunnel-33054c99017c32fef8022d0c8fa5c767b6a3e8dd,TRK,public,2023-06-17T08:45:29+0000,33054c99017c32fef8022d0c8fa5c767b6a3e8dd
seatunnel-335fac8126d3c61c856a132ac02b8ff2904181c8,seatunnel-335fac8126d3c61c856a132ac02b8ff2904181c8,TRK,public,2023-06-17T21:51:19+0000,335fac8126d3c61c856a132ac02b8ff2904181c8
seatunnel-336f5904985249f28abce13d89786ebff2a39f91,seatunnel-336f5904985249f28abce13d89786ebff2a39f91,TRK,public,2023-06-17T06:01:02+0000,336f5904985249f28abce13d89786ebff2a39f91
seatunnel-339d5fbbc542613670583a1a2fd68724f2eb8eab,seatunnel-339d5fbbc542613670583a1a2fd68724f2eb8eab,TRK,public,2023-06-17T05:46:19+0000,339d5fbbc542613670583a1a2fd68724f2eb8eab
seatunnel-33a00cdab6f55003cf96982b0f7f39027bd52ee9,seatunnel-33a00cdab6f55003cf96982b0f7f39027bd52ee9,TRK,public,2023-06-17T04:23:29+0000,33a00cdab6f55003cf96982b0f7f39027bd52ee9
seatunnel-33a13c89e6ba5e3425e427266313d72c531706fe,seatunnel-33a13c89e6ba5e3425e427266313d72c531706fe,TRK,public,2023-06-17T17:18:25+0000,33a13c89e6ba5e3425e427266313d72c531706fe
seatunnel-33de30ebde44fd10817065ef46d94da8a9059483,seatunnel-33de30ebde44fd10817065ef46d94da8a9059483,TRK,public,2023-06-18T02:49:31+0000,33de30ebde44fd10817065ef46d94da8a9059483
seatunnel-33e1bc8752d98f8cae0f06229918543162d80045,seatunnel-33e1bc8752d98f8cae0f06229918543162d80045,TRK,public,2023-06-18T03:38:33+0000,33e1bc8752d98f8cae0f06229918543162d80045
seatunnel-3417c04f46cc3dbde7e181f7c61da189dac79dce,seatunnel-3417c04f46cc3dbde7e181f7c61da189dac79dce,TRK,public,2023-06-18T00:01:31+0000,3417c04f46cc3dbde7e181f7c61da189dac79dce
seatunnel-342c25c59a706965913656577bf77307f5805222,seatunnel-342c25c59a706965913656577bf77307f5805222,TRK,public,2023-06-17T17:35:12+0000,342c25c59a706965913656577bf77307f5805222
seatunnel-3432b0b388ab8cbd3d6904a86127ed3a352ae177,seatunnel-3432b0b388ab8cbd3d6904a86127ed3a352ae177,TRK,public,2023-06-18T02:41:38+0000,3432b0b388ab8cbd3d6904a86127ed3a352ae177
seatunnel-3447266427b138327021213e52d271a856dae89f,seatunnel-3447266427b138327021213e52d271a856dae89f,TRK,public,2023-06-17T10:24:09+0000,3447266427b138327021213e52d271a856dae89f
seatunnel-34a7f3eaa4a837662de2233662b967d8defb3af3,seatunnel-34a7f3eaa4a837662de2233662b967d8defb3af3,TRK,public,2023-06-17T03:48:12+0000,34a7f3eaa4a837662de2233662b967d8defb3af3
seatunnel-34b2c22e4991de4bf26711e1fb720357c6b38bfb,seatunnel-34b2c22e4991de4bf26711e1fb720357c6b38bfb,TRK,public,2023-06-17T23:54:25+0000,34b2c22e4991de4bf26711e1fb720357c6b38bfb
seatunnel-34b37aa3c549ca20294dcfffe7c7d35c5dcb498a,seatunnel-34b37aa3c549ca20294dcfffe7c7d35c5dcb498a,TRK,public,2023-06-17T23:38:10+0000,34b37aa3c549ca20294dcfffe7c7d35c5dcb498a
seatunnel-34ccfd7a2cd93d8dc0d3f6bb1e1afebcc9761a9e,seatunnel-34ccfd7a2cd93d8dc0d3f6bb1e1afebcc9761a9e,TRK,public,2023-06-17T19:36:42+0000,34ccfd7a2cd93d8dc0d3f6bb1e1afebcc9761a9e
seatunnel-34d78518849335b4bfc5d7aa498014af9a2e2536,seatunnel-34d78518849335b4bfc5d7aa498014af9a2e2536,TRK,public,2023-06-18T02:30:21+0000,34d78518849335b4bfc5d7aa498014af9a2e2536
seatunnel-34f1f21e4888e37e8e8777f85037309c1277ae2e,seatunnel-34f1f21e4888e37e8e8777f85037309c1277ae2e,TRK,public,2023-06-17T08:23:22+0000,34f1f21e4888e37e8e8777f85037309c1277ae2e
seatunnel-34f23ee052900ecef238123c4fbe081b5f778934,seatunnel-34f23ee052900ecef238123c4fbe081b5f778934,TRK,public,2023-06-17T11:17:11+0000,34f23ee052900ecef238123c4fbe081b5f778934
seatunnel-351713d63c74fc046a4cb30b51ff9270cd10dd1a,seatunnel-351713d63c74fc046a4cb30b51ff9270cd10dd1a,TRK,public,2023-06-17T23:28:41+0000,351713d63c74fc046a4cb30b51ff9270cd10dd1a
seatunnel-3523d5b42307ceec885b0f6dae9d64425fe11e9d,seatunnel-3523d5b42307ceec885b0f6dae9d64425fe11e9d,TRK,public,2023-06-17T05:23:05+0000,3523d5b42307ceec885b0f6dae9d64425fe11e9d
seatunnel-3536a7dad9c2f0b7814c3f970a8948897d118588,seatunnel-3536a7dad9c2f0b7814c3f970a8948897d118588,TRK,public,2023-06-17T08:50:17+0000,3536a7dad9c2f0b7814c3f970a8948897d118588
seatunnel-35576ca531a91daac18525a4798c2bf4474de74e,seatunnel-35576ca531a91daac18525a4798c2bf4474de74e,TRK,public,2023-06-18T03:47:29+0000,35576ca531a91daac18525a4798c2bf4474de74e
seatunnel-3561d3878f229555802abeaf4e7ed9ba8a49ba43,seatunnel-3561d3878f229555802abeaf4e7ed9ba8a49ba43,TRK,public,2023-06-17T20:57:50+0000,3561d3878f229555802abeaf4e7ed9ba8a49ba43
seatunnel-356538de8ade3fd2103377cbe8d0b5b366ff6d8a,seatunnel-356538de8ade3fd2103377cbe8d0b5b366ff6d8a,TRK,public,2023-06-17T10:47:49+0000,356538de8ade3fd2103377cbe8d0b5b366ff6d8a
seatunnel-3579e6de647f0cdda8193da32834c76799a30bff,seatunnel-3579e6de647f0cdda8193da32834c76799a30bff,TRK,public,2023-06-17T05:01:55+0000,3579e6de647f0cdda8193da32834c76799a30bff
seatunnel-35818d34da3255d39cd2ba3d9c1c0c4bcdffd1c8,seatunnel-35818d34da3255d39cd2ba3d9c1c0c4bcdffd1c8,TRK,public,2023-06-18T04:27:58+0000,35818d34da3255d39cd2ba3d9c1c0c4bcdffd1c8
seatunnel-35a4b3d76ddf4243b0218484e8b4d05c6923d131,seatunnel-35a4b3d76ddf4243b0218484e8b4d05c6923d131,TRK,public,2023-06-17T07:16:11+0000,35a4b3d76ddf4243b0218484e8b4d05c6923d131
seatunnel-35c020fcb24b05291e1369772c65d96581eabc90,seatunnel-35c020fcb24b05291e1369772c65d96581eabc90,TRK,public,2023-06-17T12:18:23+0000,35c020fcb24b05291e1369772c65d96581eabc90
seatunnel-35e896eb67b23e450d2ac49f6a891f39cc7826bd,seatunnel-35e896eb67b23e450d2ac49f6a891f39cc7826bd,TRK,public,2023-06-17T17:47:46+0000,35e896eb67b23e450d2ac49f6a891f39cc7826bd
seatunnel-35f72cd51a64411a58482c2db7d722a1f956a831,seatunnel-35f72cd51a64411a58482c2db7d722a1f956a831,TRK,public,2023-06-17T22:17:22+0000,35f72cd51a64411a58482c2db7d722a1f956a831
seatunnel-3601f4294d79ca8b397005211bfc430d9f8b4f78,seatunnel-3601f4294d79ca8b397005211bfc430d9f8b4f78,TRK,public,2023-06-17T23:31:02+0000,3601f4294d79ca8b397005211bfc430d9f8b4f78
seatunnel-362319ff3e14ab15d1f9db4d2de269d7e1484b6e,seatunnel-362319ff3e14ab15d1f9db4d2de269d7e1484b6e,TRK,public,2023-06-17T21:44:41+0000,362319ff3e14ab15d1f9db4d2de269d7e1484b6e
seatunnel-369bb0e890b62794bcc3ccfab22606eca402f592,seatunnel-369bb0e890b62794bcc3ccfab22606eca402f592,TRK,public,2023-06-17T22:54:20+0000,369bb0e890b62794bcc3ccfab22606eca402f592
seatunnel-36a8774d9ac56bdf415a48e2d3082e4ea54f3c91,seatunnel-36a8774d9ac56bdf415a48e2d3082e4ea54f3c91,TRK,public,2023-06-17T06:53:00+0000,36a8774d9ac56bdf415a48e2d3082e4ea54f3c91
seatunnel-36e7ef3af73d5c98af2a02091f8c9d2b4aa2fc40,seatunnel-36e7ef3af73d5c98af2a02091f8c9d2b4aa2fc40,TRK,public,2023-06-18T01:50:56+0000,36e7ef3af73d5c98af2a02091f8c9d2b4aa2fc40
seatunnel-3753ed3ef91c64dc8766fa1bec6894f77dc5fb3d,seatunnel-3753ed3ef91c64dc8766fa1bec6894f77dc5fb3d,TRK,public,2023-06-18T00:05:14+0000,3753ed3ef91c64dc8766fa1bec6894f77dc5fb3d
seatunnel-376df66ad3d143442cfabf6a775a53706a53e542,seatunnel-376df66ad3d143442cfabf6a775a53706a53e542,TRK,public,2023-06-18T03:16:37+0000,376df66ad3d143442cfabf6a775a53706a53e542
seatunnel-379791dd441cefced65315226b769d49a562fb82,seatunnel-379791dd441cefced65315226b769d49a562fb82,TRK,public,2023-06-18T01:35:17+0000,379791dd441cefced65315226b769d49a562fb82
seatunnel-379da3097f910d1b1ab4142585399d391a9d0abe,seatunnel-379da3097f910d1b1ab4142585399d391a9d0abe,TRK,public,2023-06-17T14:01:07+0000,379da3097f910d1b1ab4142585399d391a9d0abe
seatunnel-37d9e0dfbbcf17835fc49c6a4ae765a9a6cad4e8,seatunnel-37d9e0dfbbcf17835fc49c6a4ae765a9a6cad4e8,TRK,public,2023-06-17T21:25:05+0000,37d9e0dfbbcf17835fc49c6a4ae765a9a6cad4e8
seatunnel-37de1d2536047773637210ffd89cf2430444a6c1,seatunnel-37de1d2536047773637210ffd89cf2430444a6c1,TRK,public,2023-06-17T19:49:29+0000,37de1d2536047773637210ffd89cf2430444a6c1
seatunnel-38042983c785ccb044b98de3a9973fa3fff24397,seatunnel-38042983c785ccb044b98de3a9973fa3fff24397,TRK,public,2023-06-18T02:15:27+0000,38042983c785ccb044b98de3a9973fa3fff24397
seatunnel-38254e3f26fe38eeecdedd166e56cf25a43c73f2,seatunnel-38254e3f26fe38eeecdedd166e56cf25a43c73f2,TRK,public,2023-06-17T14:41:55+0000,38254e3f26fe38eeecdedd166e56cf25a43c73f2
seatunnel-384ece19130faafcfdbc52d715871bdef686c739,seatunnel-384ece19130faafcfdbc52d715871bdef686c739,TRK,public,2023-06-17T20:14:12+0000,384ece19130faafcfdbc52d715871bdef686c739
seatunnel-385e1f42c04dd3d07abdb410ca310338a0d91c12,seatunnel-385e1f42c04dd3d07abdb410ca310338a0d91c12,TRK,public,2023-06-17T16:43:39+0000,385e1f42c04dd3d07abdb410ca310338a0d91c12
seatunnel-38646b11b8211e4a2645b380cf490ff3fc341e27,seatunnel-38646b11b8211e4a2645b380cf490ff3fc341e27,TRK,public,2023-06-17T10:44:15+0000,38646b11b8211e4a2645b380cf490ff3fc341e27
seatunnel-386e7e98054916cb07218067ab7e62f4a052428c,seatunnel-386e7e98054916cb07218067ab7e62f4a052428c,TRK,public,2023-06-17T20:37:40+0000,386e7e98054916cb07218067ab7e62f4a052428c
seatunnel-387df7535f5e4bc1892e434f3c7b3db06d5a0a1b,seatunnel-387df7535f5e4bc1892e434f3c7b3db06d5a0a1b,TRK,public,2023-06-17T15:19:57+0000,387df7535f5e4bc1892e434f3c7b3db06d5a0a1b
seatunnel-389872ac81a1cde0254ba947e6f5081485009643,seatunnel-389872ac81a1cde0254ba947e6f5081485009643,TRK,public,2023-06-17T16:33:30+0000,389872ac81a1cde0254ba947e6f5081485009643
seatunnel-38a57a7b78f34a567579618a84096999cb656f7e,seatunnel-38a57a7b78f34a567579618a84096999cb656f7e,TRK,public,2023-06-18T02:47:35+0000,38a57a7b78f34a567579618a84096999cb656f7e
seatunnel-38b0daf8b7ba723f2ee18d1e0ab55073701c1b74,seatunnel-38b0daf8b7ba723f2ee18d1e0ab55073701c1b74,TRK,public,2023-06-17T18:50:16+0000,38b0daf8b7ba723f2ee18d1e0ab55073701c1b74
seatunnel-38d5c688137989f93e3eb7c0b1f93fc5747c4ee7,seatunnel-38d5c688137989f93e3eb7c0b1f93fc5747c4ee7,TRK,public,2023-06-17T23:40:47+0000,38d5c688137989f93e3eb7c0b1f93fc5747c4ee7
seatunnel-38f1903be2baebc6a903012c3a3129168aec34c8,seatunnel-38f1903be2baebc6a903012c3a3129168aec34c8,TRK,public,2023-06-17T05:32:39+0000,38f1903be2baebc6a903012c3a3129168aec34c8
seatunnel-395635fa185d358d3cae44064d08815aea3a1adb,seatunnel-395635fa185d358d3cae44064d08815aea3a1adb,TRK,public,2023-06-17T13:31:39+0000,395635fa185d358d3cae44064d08815aea3a1adb
seatunnel-396db0dccf52b6c9552f8c13ee333753a9899737,seatunnel-396db0dccf52b6c9552f8c13ee333753a9899737,TRK,public,2023-06-18T01:18:25+0000,396db0dccf52b6c9552f8c13ee333753a9899737
seatunnel-397e192f3477d7f42f2fba66c519be7109162ebd,seatunnel-397e192f3477d7f42f2fba66c519be7109162ebd,TRK,public,2023-06-18T02:37:57+0000,397e192f3477d7f42f2fba66c519be7109162ebd
seatunnel-39a09d91824a517aa0c366d6369375565772ea2a,seatunnel-39a09d91824a517aa0c366d6369375565772ea2a,TRK,public,2023-06-18T01:34:25+0000,39a09d91824a517aa0c366d6369375565772ea2a
seatunnel-39aef9fe172268a1190a3afac7c4266c7240801d,seatunnel-39aef9fe172268a1190a3afac7c4266c7240801d,TRK,public,2023-06-17T08:20:26+0000,39aef9fe172268a1190a3afac7c4266c7240801d
seatunnel-39d4a6fc67f6d4ab3e48af6b4b254e5bf358f5e4,seatunnel-39d4a6fc67f6d4ab3e48af6b4b254e5bf358f5e4,TRK,public,2023-06-18T02:04:23+0000,39d4a6fc67f6d4ab3e48af6b4b254e5bf358f5e4
seatunnel-39dae4cfd9d78e713025250fe43654bb60685e71,seatunnel-39dae4cfd9d78e713025250fe43654bb60685e71,TRK,public,2023-06-17T10:36:02+0000,39dae4cfd9d78e713025250fe43654bb60685e71
seatunnel-39dbe21a2f3bdbb1d47fb30b69f7524edbc2d240,seatunnel-39dbe21a2f3bdbb1d47fb30b69f7524edbc2d240,TRK,public,2023-06-17T05:42:07+0000,39dbe21a2f3bdbb1d47fb30b69f7524edbc2d240
seatunnel-3a095d30fd4476e212889cf6c8d3ac18e871c179,seatunnel-3a095d30fd4476e212889cf6c8d3ac18e871c179,TRK,public,2023-06-17T14:17:36+0000,3a095d30fd4476e212889cf6c8d3ac18e871c179
seatunnel-3a2586f6dc007ac465588c9f4e04dd237064ca5f,seatunnel-3a2586f6dc007ac465588c9f4e04dd237064ca5f,TRK,public,2023-06-17T21:45:59+0000,3a2586f6dc007ac465588c9f4e04dd237064ca5f
seatunnel-3a4ef4c60d8397fbf7ee7b16a06494072d3f0245,seatunnel-3a4ef4c60d8397fbf7ee7b16a06494072d3f0245,TRK,public,2023-06-18T00:35:12+0000,3a4ef4c60d8397fbf7ee7b16a06494072d3f0245
seatunnel-3a5aa421f88ff1bc4db4d1b28cd405c6c3e2e08e,seatunnel-3a5aa421f88ff1bc4db4d1b28cd405c6c3e2e08e,TRK,public,2023-06-17T09:10:45+0000,3a5aa421f88ff1bc4db4d1b28cd405c6c3e2e08e
seatunnel-3abf728a77299dafe221bceb5bd5a43d5163ca59,seatunnel-3abf728a77299dafe221bceb5bd5a43d5163ca59,TRK,public,2023-06-17T23:49:21+0000,3abf728a77299dafe221bceb5bd5a43d5163ca59
seatunnel-3acaa82c544c4e31c474704ddc73d7e2e75b4093,seatunnel-3acaa82c544c4e31c474704ddc73d7e2e75b4093,TRK,public,2023-06-18T03:50:48+0000,3acaa82c544c4e31c474704ddc73d7e2e75b4093
seatunnel-3ace2551e1884e66a706a86f7a8794bcc9484d60,seatunnel-3ace2551e1884e66a706a86f7a8794bcc9484d60,TRK,public,2023-06-17T15:09:31+0000,3ace2551e1884e66a706a86f7a8794bcc9484d60
seatunnel-3aee11fc16c918213a81a8462ba2a65697d1aed8,seatunnel-3aee11fc16c918213a81a8462ba2a65697d1aed8,TRK,public,2023-06-17T18:23:31+0000,3aee11fc16c918213a81a8462ba2a65697d1aed8
seatunnel-3b573798db97d9aa0b41cb2828dbfc897658ad6f,seatunnel-3b573798db97d9aa0b41cb2828dbfc897658ad6f,TRK,public,2023-06-17T12:33:51+0000,3b573798db97d9aa0b41cb2828dbfc897658ad6f
seatunnel-3b5927584db5302bc512801d9f82f4451d5891ca,seatunnel-3b5927584db5302bc512801d9f82f4451d5891ca,TRK,public,2023-06-17T19:47:57+0000,3b5927584db5302bc512801d9f82f4451d5891ca
seatunnel-3b59ff7419da757be442e73ff8781f348654281b,seatunnel-3b59ff7419da757be442e73ff8781f348654281b,TRK,public,2023-06-18T04:20:31+0000,3b59ff7419da757be442e73ff8781f348654281b
seatunnel-3b6a8b4058593b1ff11c44560ebcc56142cda830,seatunnel-3b6a8b4058593b1ff11c44560ebcc56142cda830,TRK,public,2023-06-18T04:31:38+0000,3b6a8b4058593b1ff11c44560ebcc56142cda830
seatunnel-3b73cc73211645fb0fa3d2f5682be9278857b921,seatunnel-3b73cc73211645fb0fa3d2f5682be9278857b921,TRK,public,2023-06-17T16:51:53+0000,3b73cc73211645fb0fa3d2f5682be9278857b921
seatunnel-3ba8631f38fe5a4c962bea34b4fe08f6e22f85a0,seatunnel-3ba8631f38fe5a4c962bea34b4fe08f6e22f85a0,TRK,public,2023-06-17T20:28:24+0000,3ba8631f38fe5a4c962bea34b4fe08f6e22f85a0
seatunnel-3bae2dd6c8d006017954208f765915bef8f9efdb,seatunnel-3bae2dd6c8d006017954208f765915bef8f9efdb,TRK,public,2023-06-18T03:44:08+0000,3bae2dd6c8d006017954208f765915bef8f9efdb
seatunnel-3be75c49f98219111523297f26303a289892f5c6,seatunnel-3be75c49f98219111523297f26303a289892f5c6,TRK,public,2023-06-17T02:57:24+0000,3be75c49f98219111523297f26303a289892f5c6
seatunnel-3bee6873d2f87144957d5707a9e0a0f09a6999a7,seatunnel-3bee6873d2f87144957d5707a9e0a0f09a6999a7,TRK,public,2023-06-18T02:26:30+0000,3bee6873d2f87144957d5707a9e0a0f09a6999a7
seatunnel-3bf7018a5f1a2be3c69a710da450b265b74a58e9,seatunnel-3bf7018a5f1a2be3c69a710da450b265b74a58e9,TRK,public,2023-06-17T06:38:39+0000,3bf7018a5f1a2be3c69a710da450b265b74a58e9
seatunnel-3c012c7976dd505a19435ac382ca6b043074d1ae,seatunnel-3c012c7976dd505a19435ac382ca6b043074d1ae,TRK,public,2023-06-17T16:35:12+0000,3c012c7976dd505a19435ac382ca6b043074d1ae
seatunnel-3c0415e56e42d79b403164897724a0199fe0443c,seatunnel-3c0415e56e42d79b403164897724a0199fe0443c,TRK,public,2023-06-17T21:42:40+0000,3c0415e56e42d79b403164897724a0199fe0443c
seatunnel-3c10987e7759cf6cba553e4fbe6463118940b694,seatunnel-3c10987e7759cf6cba553e4fbe6463118940b694,TRK,public,2023-06-18T01:10:38+0000,3c10987e7759cf6cba553e4fbe6463118940b694
seatunnel-3ca5e2600f1eadc73718c58b0ddb8e6882e5fb9c,seatunnel-3ca5e2600f1eadc73718c58b0ddb8e6882e5fb9c,TRK,public,2023-06-18T02:08:36+0000,3ca5e2600f1eadc73718c58b0ddb8e6882e5fb9c
seatunnel-3ca60c6feddc35a1283b25058ba36853201e19f7,seatunnel-3ca60c6feddc35a1283b25058ba36853201e19f7,TRK,public,2023-06-17T06:55:01+0000,3ca60c6feddc35a1283b25058ba36853201e19f7
seatunnel-3ccbbc13f53bfecb525c9148f6765b3d2a3f3824,seatunnel-3ccbbc13f53bfecb525c9148f6765b3d2a3f3824,TRK,public,2023-06-17T03:08:29+0000,3ccbbc13f53bfecb525c9148f6765b3d2a3f3824
seatunnel-3cd5a48a6b0911e8ba33977b83654737aeeda7e1,seatunnel-3cd5a48a6b0911e8ba33977b83654737aeeda7e1,TRK,public,2023-06-18T04:17:17+0000,3cd5a48a6b0911e8ba33977b83654737aeeda7e1
seatunnel-3cdb7cfa4d045c6edb0eb43772613836c09e3fed,seatunnel-3cdb7cfa4d045c6edb0eb43772613836c09e3fed,TRK,public,2023-06-17T07:01:06+0000,3cdb7cfa4d045c6edb0eb43772613836c09e3fed
seatunnel-3cdf3f59c137bbdd1e4c382500bcfc49863c8d6e,seatunnel-3cdf3f59c137bbdd1e4c382500bcfc49863c8d6e,TRK,public,2023-06-17T10:14:04+0000,3cdf3f59c137bbdd1e4c382500bcfc49863c8d6e
seatunnel-3ce56e4657006f43905272acbe252cdb3ff6178d,seatunnel-3ce56e4657006f43905272acbe252cdb3ff6178d,TRK,public,2023-06-17T21:47:19+0000,3ce56e4657006f43905272acbe252cdb3ff6178d
seatunnel-3d4267d9e1745683c7032d76dd273be0e12fb814,seatunnel-3d4267d9e1745683c7032d76dd273be0e12fb814,TRK,public,2023-06-18T04:00:06+0000,3d4267d9e1745683c7032d76dd273be0e12fb814
seatunnel-3d45a9bee862def58b7e864a0d3668ef912aad74,seatunnel-3d45a9bee862def58b7e864a0d3668ef912aad74,TRK,public,2023-06-18T02:24:35+0000,3d45a9bee862def58b7e864a0d3668ef912aad74
seatunnel-3d46b7961451e0ed6bcb6a4ba8589c90f7505f34,seatunnel-3d46b7961451e0ed6bcb6a4ba8589c90f7505f34,TRK,public,2023-06-17T12:27:57+0000,3d46b7961451e0ed6bcb6a4ba8589c90f7505f34
seatunnel-3d6482368a2e4fb88f472038ae2b53484a9959fb,seatunnel-3d6482368a2e4fb88f472038ae2b53484a9959fb,TRK,public,2023-06-17T21:10:27+0000,3d6482368a2e4fb88f472038ae2b53484a9959fb
seatunnel-3d707a6d4ac24cf2da3b9321974ec929084a0cc4,seatunnel-3d707a6d4ac24cf2da3b9321974ec929084a0cc4,TRK,public,2023-06-18T02:13:54+0000,3d707a6d4ac24cf2da3b9321974ec929084a0cc4
seatunnel-3d7ff831f90dade78171070bb157e98384ca1591,seatunnel-3d7ff831f90dade78171070bb157e98384ca1591,TRK,public,2023-06-17T07:22:55+0000,3d7ff831f90dade78171070bb157e98384ca1591
seatunnel-3da11ce19b8f6d7e3a64b934983bd1bfc73b3f89,seatunnel-3da11ce19b8f6d7e3a64b934983bd1bfc73b3f89,TRK,public,2023-06-17T18:04:02+0000,3da11ce19b8f6d7e3a64b934983bd1bfc73b3f89
seatunnel-3da19d444408b4a8fc71d4c73a39d2754af467ca,seatunnel-3da19d444408b4a8fc71d4c73a39d2754af467ca,TRK,public,2023-06-17T16:10:22+0000,3da19d444408b4a8fc71d4c73a39d2754af467ca
seatunnel-3dd3f50c52b259244bae4a3075ecfb1642e28311,seatunnel-3dd3f50c52b259244bae4a3075ecfb1642e28311,TRK,public,2023-06-18T03:07:10+0000,3dd3f50c52b259244bae4a3075ecfb1642e28311
seatunnel-3dd7dc0e4cdf77bb5a039d3848365561cfac0f92,seatunnel-3dd7dc0e4cdf77bb5a039d3848365561cfac0f92,TRK,public,2023-06-17T22:41:47+0000,3dd7dc0e4cdf77bb5a039d3848365561cfac0f92
seatunnel-3ddec233a3069885f5bc14932e1f937c12a2f917,seatunnel-3ddec233a3069885f5bc14932e1f937c12a2f917,TRK,public,2023-06-17T20:18:36+0000,3ddec233a3069885f5bc14932e1f937c12a2f917
seatunnel-3e186a6edd498ac32b3f4f43e18b44fc3a7b7671,seatunnel-3e186a6edd498ac32b3f4f43e18b44fc3a7b7671,TRK,public,2023-06-17T18:14:20+0000,3e186a6edd498ac32b3f4f43e18b44fc3a7b7671
seatunnel-3e200e0a38b1358c025b7c5e08572eccfd10fbb1,seatunnel-3e200e0a38b1358c025b7c5e08572eccfd10fbb1,TRK,public,2023-06-17T21:04:05+0000,3e200e0a38b1358c025b7c5e08572eccfd10fbb1
seatunnel-3e54b82fb5cffdba517df173700a695e4ac4c89d,seatunnel-3e54b82fb5cffdba517df173700a695e4ac4c89d,TRK,public,2023-06-17T12:14:03+0000,3e54b82fb5cffdba517df173700a695e4ac4c89d
seatunnel-3e6caf7053b3675766e201eb3b69b35a2833c304,seatunnel-3e6caf7053b3675766e201eb3b69b35a2833c304,TRK,public,2023-06-17T16:06:54+0000,3e6caf7053b3675766e201eb3b69b35a2833c304
seatunnel-3e7d04bcbcf0224d1530a278e92bea8375d3151c,seatunnel-3e7d04bcbcf0224d1530a278e92bea8375d3151c,TRK,public,2023-06-18T02:37:36+0000,3e7d04bcbcf0224d1530a278e92bea8375d3151c
seatunnel-3e7d82bd758419238573a6a3eecdd977b0c008cc,seatunnel-3e7d82bd758419238573a6a3eecdd977b0c008cc,TRK,public,2023-06-17T23:18:55+0000,3e7d82bd758419238573a6a3eecdd977b0c008cc
seatunnel-3ea7a429b9de19298d272ec777e52b5f8ba149a7,seatunnel-3ea7a429b9de19298d272ec777e52b5f8ba149a7,TRK,public,2023-06-17T19:21:39+0000,3ea7a429b9de19298d272ec777e52b5f8ba149a7
seatunnel-3ec47c6848d5f77197c1cd0c0bd7549c4884027b,seatunnel-3ec47c6848d5f77197c1cd0c0bd7549c4884027b,TRK,public,2023-06-17T11:46:04+0000,3ec47c6848d5f77197c1cd0c0bd7549c4884027b
seatunnel-3ee8a8a619e51a2b3772f8226dd77c8989e52a01,seatunnel-3ee8a8a619e51a2b3772f8226dd77c8989e52a01,TRK,public,2023-06-17T20:01:14+0000,3ee8a8a619e51a2b3772f8226dd77c8989e52a01
seatunnel-3eef2e2e9740a44407d9fa5b138794ac49c540ba,seatunnel-3eef2e2e9740a44407d9fa5b138794ac49c540ba,TRK,public,2023-06-17T08:38:49+0000,3eef2e2e9740a44407d9fa5b138794ac49c540ba
seatunnel-3ef889f7c2ef3c8f0ad6a65087eaa0d9982601b0,seatunnel-3ef889f7c2ef3c8f0ad6a65087eaa0d9982601b0,TRK,public,2023-06-18T02:31:51+0000,3ef889f7c2ef3c8f0ad6a65087eaa0d9982601b0
seatunnel-3f1dcfc9157647b98946171a034a01a60dc8fd0e,seatunnel-3f1dcfc9157647b98946171a034a01a60dc8fd0e,TRK,public,2023-06-17T08:55:10+0000,3f1dcfc9157647b98946171a034a01a60dc8fd0e
seatunnel-3f443c8093ca22bd5ef5b554ad2bfd4a6dae9ce2,seatunnel-3f443c8093ca22bd5ef5b554ad2bfd4a6dae9ce2,TRK,public,2023-06-18T01:36:30+0000,3f443c8093ca22bd5ef5b554ad2bfd4a6dae9ce2
seatunnel-3fcc7c377a159ad2fc880f1019acc1a066461839,seatunnel-3fcc7c377a159ad2fc880f1019acc1a066461839,TRK,public,2023-06-17T12:07:57+0000,3fcc7c377a159ad2fc880f1019acc1a066461839
seatunnel-402ead2a00212b8868b3c9ac5785167ff6cc3198,seatunnel-402ead2a00212b8868b3c9ac5785167ff6cc3198,TRK,public,2023-06-18T01:42:19+0000,402ead2a00212b8868b3c9ac5785167ff6cc3198
seatunnel-403226dbe12d6a6a9a87eb09fba0dd6fb63c76be,seatunnel-403226dbe12d6a6a9a87eb09fba0dd6fb63c76be,TRK,public,2023-06-17T03:34:50+0000,403226dbe12d6a6a9a87eb09fba0dd6fb63c76be
seatunnel-405f7d6f998e488b2c26fbbf357769f5d579e069,seatunnel-405f7d6f998e488b2c26fbbf357769f5d579e069,TRK,public,2023-06-17T20:07:06+0000,405f7d6f998e488b2c26fbbf357769f5d579e069
seatunnel-4061866d13affa9f29696501e23f4781d4171c81,seatunnel-4061866d13affa9f29696501e23f4781d4171c81,TRK,public,2023-06-18T02:33:46+0000,4061866d13affa9f29696501e23f4781d4171c81
seatunnel-40699b660cfecb5cffb2da0a94dc1bbd29a19579,seatunnel-40699b660cfecb5cffb2da0a94dc1bbd29a19579,TRK,public,2023-06-17T07:59:16+0000,40699b660cfecb5cffb2da0a94dc1bbd29a19579
seatunnel-40707a3bc6586886b9f6ff855090452d9bc26d37,seatunnel-40707a3bc6586886b9f6ff855090452d9bc26d37,TRK,public,2023-06-17T03:23:58+0000,40707a3bc6586886b9f6ff855090452d9bc26d37
seatunnel-407628879f02cae093047fd444f8fcaaec1ef414,seatunnel-407628879f02cae093047fd444f8fcaaec1ef414,TRK,public,2023-06-17T06:30:25+0000,407628879f02cae093047fd444f8fcaaec1ef414
seatunnel-40a1712d2db623ea0e89bd658a462edaef5f9d12,seatunnel-40a1712d2db623ea0e89bd658a462edaef5f9d12,TRK,public,2023-06-18T03:14:54+0000,40a1712d2db623ea0e89bd658a462edaef5f9d12
seatunnel-40c5d00792fde4845d9c3256d4b1ee8cf3374dfb,seatunnel-40c5d00792fde4845d9c3256d4b1ee8cf3374dfb,TRK,public,2023-06-17T11:02:35+0000,40c5d00792fde4845d9c3256d4b1ee8cf3374dfb
seatunnel-40d67ab902c69494f9803c0859ed8f7f84657380,seatunnel-40d67ab902c69494f9803c0859ed8f7f84657380,TRK,public,2023-06-17T15:43:35+0000,40d67ab902c69494f9803c0859ed8f7f84657380
seatunnel-40f2fb64a68cb95f173b884916c5b4f38114915d,seatunnel-40f2fb64a68cb95f173b884916c5b4f38114915d,TRK,public,2023-06-17T16:28:22+0000,40f2fb64a68cb95f173b884916c5b4f38114915d
seatunnel-4104a3e30e3d48b56f03ca2e37f0f0445331c2d8,seatunnel-4104a3e30e3d48b56f03ca2e37f0f0445331c2d8,TRK,public,2023-06-17T15:39:20+0000,4104a3e30e3d48b56f03ca2e37f0f0445331c2d8
seatunnel-41277d7f787ed7fb0da2b78406516ffd66de1212,seatunnel-41277d7f787ed7fb0da2b78406516ffd66de1212,TRK,public,2023-06-17T04:42:46+0000,41277d7f787ed7fb0da2b78406516ffd66de1212
seatunnel-415150635c0bcbe564001ab3dd9b9bccfafe0a6e,seatunnel-415150635c0bcbe564001ab3dd9b9bccfafe0a6e,TRK,public,2023-06-17T05:00:51+0000,415150635c0bcbe564001ab3dd9b9bccfafe0a6e
seatunnel-417178fb84f0c4d1e56d3dbddf6bca419e88a1b0,seatunnel-417178fb84f0c4d1e56d3dbddf6bca419e88a1b0,TRK,public,2023-06-17T10:19:33+0000,417178fb84f0c4d1e56d3dbddf6bca419e88a1b0
seatunnel-41751d8b636064d73ffb66ab07cea0c7e3091e47,seatunnel-41751d8b636064d73ffb66ab07cea0c7e3091e47,TRK,public,2023-06-17T10:07:41+0000,41751d8b636064d73ffb66ab07cea0c7e3091e47
seatunnel-418e40818d108c4b4330061dde688ac9eb9f8363,seatunnel-418e40818d108c4b4330061dde688ac9eb9f8363,TRK,public,2023-06-17T23:04:04+0000,418e40818d108c4b4330061dde688ac9eb9f8363
seatunnel-419c82841b21f31dac7176909046265ef72b6cfe,seatunnel-419c82841b21f31dac7176909046265ef72b6cfe,TRK,public,2023-06-17T03:33:45+0000,419c82841b21f31dac7176909046265ef72b6cfe
